106,3,180724005,0.39998722076416,121902,122012,4185.91279428645,17.8726511588948,6753,6863,1396.76804920257,1396.9208239883,0.152774785729889,detrending fails
261,7,289113766,0.092907786369324,199718,199811,631.990510165445,10.3145903476821,8288,8381,1504.84601553671,1504.97518280707,0.129167270360085,detrending fails
212,5,416744592,0.300179362297058,163838,163905,1659.13613256334,16.7163440953629,10799,10866,1455.01358621972,1455.10663915784,0.093052938120081,SSO
233,6,220146061,0.248801350593567,182720,182786,1189.8728717885,5.31467945828263,8272,8331,1481.23868053275,1481.3303478061,0.091667273349913,SSO
410,12,277539431,0.180967092514038,298345,298409,967.992813002871,6.83830888995085,11064,11128,1641.82552659219,1641.91441393127,0.088887339079747,detrending fails on multi-period flare
8,1,142052876,0.011389493942261,80897,80960,54.7471141726787,0.973025705761136,9332,9395,1339.81299151169,1339.90049004121,0.087498529519962,real
346,10,248223026,14.3406772613525,261208,261259,8007.56775118274,4.03124783755748,11460,11511,1590.24902459593,1590.31985875969,0.070834163759628,real
332,10,44984200,0.276369214057922,259595,259646,838.596685007162,3.84753016812981,9856,9907,1588.00565982716,1588.07649218765,0.070832360489931,detrending fails on multi-period flare
386,12,29780677,0.430025219917297,298716,298764,675.775931583146,5.60617943385727,11435,11483,1642.33899338849,1642.40566114526,0.066667756769903,real
256,7,167894019,0.044113039970398,199621,199669,182.673224226407,3.3694023870363,8191,8239,1504.70756069604,1504.77422792125,0.06666722521004,detrending fails
201,5,298907057,12.4697904586792,162283,162331,5503.08710474203,2.71581622467104,9251,9299,1452.85357983366,1452.92024666096,0.066666827300196,real
378,11,388857263,0.390355110168457,284908,284954,172.665886944951,0.263974850173131,13276,13322,1623.16504194387,1623.22893095413,0.063889010260027,real
0,1,29780677,2.43944430351257,81083,81124,1644.18907839974,4.14310269647688,9518,9559,1340.07171656318,1340.12866115506,0.056944591879756,real
455,12,454291779,0.831271767616272,287775,287814,1726.90399394469,34.843374768468,1465,1504,1627.14517548597,1627.1993420523,0.054166566330196,real
471,13,387220832,0.097742915153504,312204,312239,187.173537576153,5.02090231649711,5071,5106,1661.07639503915,1661.12500730859,0.0486122694399,detrending fails
160,4,365369408,0.022436141967774,133782,133816,62.002548982016,2.01317784989825,1666,1700,1413.26918210693,1413.31640585799,0.047223751060074,detrending fails
450,12,395130640,0.060891389846802,291601,291632,145.746677582852,2.3013155855117,5167,5198,1632.45905035111,1632.50210591606,0.043055564950009,weirdly symmetric but no SSO
12,1,142052876,0.45257031917572,90441,90472,203.613353367637,0.708333782366086,18025,18056,1353.06833545207,1353.11139009987,0.043054647800091,real
152,4,293561794,0.193797469139099,148028,148058,277.344854048691,4.01309693783829,12357,12387,1433.05517060061,1433.09683564542,0.041665044809861,real
364,11,142052876,0.125442743301392,274199,274228,176.115425305886,0.922438236504358,5874,5903,1608.2881459086,1608.32842406745,0.040278158850242,"real, double peak"
81,3,29928567,0.041267514228821,124384,124412,52.1171884797683,0.327684405513911,9202,9230,1400.21618911022,1400.25507794069,0.038888830469887,real
25,1,389051009,0.167510151863098,81201,81229,298.455621013632,5.12924503197288,9636,9664,1340.2384667447,1340.27735504281,0.038888298109896,real
4,1,142052876,0.019429326057434,77656,77684,53.6095137251341,2.16511362646601,6963,6975,1335.31168047953,1335.35056871088,0.038888231350256,
319,9,272349442,0.03381073474884,241035,241062,65.766521058271,1.58010723712459,10423,10450,1562.22925012023,1562.26675057724,0.037500457009855,
472,13,387220832,0.178940892219543,317969,317996,289.525068866723,4.25188787056621,10088,10114,1669.0834948042,1669.12099519566,0.037500391459844,
159,4,328254412,0.363703489303589,148745,148772,451.448426920121,7.43748743539174,13061,13088,1434.05121540674,1434.08871492818,0.037499521439941,
156,4,328254412,0.37701952457428,137225,137251,439.481520967934,7.55346954763528,5056,5082,1418.05116712823,1418.08727875949,0.036111631260155,
337,10,142052876,0.082165241241455,251371,251396,71.5150264129045,0.802255164964243,3916,3941,1576.58215722556,1576.61688003595,0.034722810390122,
376,11,388857263,0.024901390075684,282444,282469,28.4995872312472,0.371808128121031,10819,10844,1619.74280259696,1619.77752507264,0.034722475680383,
226,6,142052876,0.011668205261231,180717,180741,26.4036093045864,1.18613198250411,6273,6296,1478.45025754616,1478.48359100708,0.033333460920176,
40,2,167894019,0.288941502571106,92802,92826,169.197160340113,1.95706619289981,1594,1618,1356.34623888765,1356.37957232183,0.033333434180122,
308,9,220429097,0.211851477622986,240959,240983,241.594155706423,6.0492765347325,10347,10371,1562.11979784126,1562.15313074541,0.033332904149802,
408,12,277539431,0.161692976951599,298142,298166,207.655420766602,4.04524429783246,10861,10885,1641.54358706117,1641.57691981362,0.033332752449951,
49,2,340703996,0.019062876701355,91267,91289,37.4419197938413,1.34575542526468,75,97,1354.21993061485,1354.25048725489,0.030556640040004,
162,4,365369408,0.017073035240173,140658,140680,22.3198313854061,0.251656806688551,6232,6254,1422.81939150961,1422.84994754104,0.030556031430251,
467,13,220429097,0.963162064552307,312608,312630,639.837097095748,5.77537918737429,5470,5492,1661.63248789479,1661.66304392499,0.030556030199932,
74,3,29928567,0.046315312385559,120801,120823,17.2860597995564,0.169937777544516,6548,6557,1395.23977529225,1395.27033113089,0.030555838639884,
149,4,293561794,0.139047503471374,144287,144309,178.127379132699,3.76228122062856,8629,8651,1427.85951470829,1427.89006938139,0.030554673099914,real
64,3,29928567,0.030290246009827,115917,115938,14.7993861355303,0.243424327855606,1778,1799,1388.45636782814,1388.4855349482,0.029167120060038,
316,9,272349442,0.118185877799988,238964,238985,111.331258819748,1.11610689836615,8361,8382,1559.35282161668,1559.38198872562,0.029167108939646,
339,10,142052876,0.02602481842041,263928,263949,37.3257508331101,0.810185242947514,14169,14190,1594.02269702716,1594.05186406385,0.029167036690069,
210,5,416744592,0.078011870384216,154798,154819,134.452940791628,2.81930593908732,2887,2908,1442.45825669097,1442.4874231335,0.029166442530141,
462,13,167894019,0.072760343551636,320043,320064,96.6056739097362,2.2502066629859,12157,12178,1671.95885760751,1671.98802400673,0.029166399220003,
36,2,142052876,0.243247747421265,98561,98582,141.461241231255,0.887634788998406,7238,7259,1364.345921794,1364.37508793407,0.029166140070174,
104,3,167894019,0.341310501098633,127750,127770,228.6013747456,1.70553114928548,12486,12506,1404.88546119966,1404.91323931342,0.027778113759723,
382,11,395130640,0.054651260375977,279143,279163,72.8568885509682,1.56008856375762,7525,7545,1615.15618480127,1615.18396289902,0.027778097750115,
1,1,29780677,0.191504836082459,83396,83416,254.401291517473,4.31016296027835,11803,11823,1343.28422646342,1343.31200432117,0.027777857749925,
216,6,29780677,0.640337109565735,174255,174275,394.982063800483,2.81251734594821,859,879,1469.47582777564,1469.50360514851,0.027777372869878,
399,12,167894019,0.702961325645447,306151,306171,275.709507260506,1.82333735521507,18839,18859,1652.66465171443,1652.69242901258,0.027777298149886,
214,5,416744592,0.10162889957428,164062,164082,152.92283249614,2.82833370870535,11023,11043,1455.32468849421,1455.35246547124,0.027776977030044,
357,10,398985964,0.303543448448181,248380,248399,339.537786235457,5.208629156389,939,958,1572.43303898054,1572.45942843789,0.026389457349751,
414,12,358108509,1.33231115341187,304655,304674,835.521694178577,6.7176550729415,17343,17362,1650.58855777844,1650.61494706286,0.026389284420247,
66,3,29928567,0.060092568397522,116127,116145,27.0772140200312,0.211476194362169,1986,2004,1388.74803896586,1388.77303934251,0.025000376650269,
473,13,387220832,0.125482678413391,318633,318651,184.523697185617,3.66131649527434,10747,10765,1670.00572642332,1670.03072667203,0.025000248710057,
70,3,29928567,0.079039931297302,119177,119195,27.3434738410394,0.08898829100509,4953,4971,1392.9842003786,1393.00920060484,0.025000226240309,
477,13,387220832,0.136334419250488,322148,322166,166.35770775334,3.65300579589671,14226,14244,1674.8877101479,1674.91271029324,0.025000145339845,
28,2,29780677,0.088694930076599,106969,106987,125.375721594632,3.44391876260519,14495,14513,1376.02441713321,1376.04941696259,0.024999829380022,
303,9,167894019,0.415355443954468,241942,241960,155.143397994164,1.18647660552012,11322,11340,1563.48670060178,1563.51170040955,0.024999807769746,
422,12,388857263,0.007652521133423,291791,291809,11.280506691658,0.354746084750866,5356,5374,1632.72471821673,1632.74971801285,0.024999796120028,
423,12,388857263,0.030386209487915,292177,292195,19.9654030235093,0.297691395138151,5742,5760,1633.26082481903,1633.28582460118,0.024999782149962,
342,10,167894019,0.409949779510498,259736,259754,232.201899436465,1.28239979336349,9997,10015,1588.20032532131,1588.22532503362,0.024999712310319,
100,3,142052876,0.035972118377686,126372,126390,44.3952039126852,1.04429573978484,11140,11158,1402.97162938181,1402.99662900878,0.024999626970157,
355,10,272349442,0.177223443984985,262221,262239,84.7581024693685,0.633529809494916,12473,12491,1591.65416605991,1591.67916567466,0.024999614749959,
243,6,388903843,0.000383496284485,184385,184403,0.462945348736763,0.011386929307125,9930,9948,1483.55034689557,1483.5753462976,0.024999402030062,
439,12,388857263,0.021967172622681,302286,302304,14.5770804642162,0.23711001477575,14981,14999,1647.30084352598,1647.32584290719,0.024999381209682,
278,8,293520468,0.248357534408569,221717,221734,432.323339320601,3.28863356746632,7898,7915,1535.40064279081,1535.4242539614,0.023611170590129,
117,4,141306513,0.081010937690735,140670,140687,88.791083291981,3.48944095999937,6244,6261,1422.835694744,1422.85930590614,0.023611162140242,
330,10,2470992,1.07634234428406,259822,259839,533.327142706225,3.62329986911242,10083,10100,1588.32495648176,1588.34856740867,0.023610926910124,
145,4,293561794,0.105700373649597,135691,135708,91.311443994889,3.24127792556534,3557,3574,1415.92084082822,1415.94445170817,0.023610879949956,real
231,6,156735150,0.114934921264648,184070,184087,88.9288481791202,1.96982171656142,9615,9632,1483.11367447028,1483.13728528877,0.023610818489715,
33,2,142052876,0.064182996749878,96203,96220,53.4866778254888,1.08622237050536,4945,4961,1361.07097827509,1361.09458899328,0.023610718189957,
273,8,44984200,0.115150690078735,221717,221733,195.461600665324,2.5714855988956,7898,7914,1535.39738696403,1535.41960951837,0.022222554339805,
281,8,415678624,0.1619553565979,217083,217099,155.184759102091,2.63637124361334,7805,7821,1528.9643960357,1528.98661856245,0.022222526749829,
282,8,415678624,0.284753203392029,221717,221733,462.501428650657,10.4906229017901,7898,7914,1535.40060596725,1535.42282845768,0.02222249042984,
71,3,29928567,0.005127429962158,119578,119594,7.03646017635092,0.287230670989675,5353,5369,1393.5411497269,1393.56337213972,0.022222412819701,
259,7,167894019,0.242918968200684,202895,202911,119.607933604243,1.49561193681941,11458,11474,1509.25482027601,1509.2770426565,0.022222380490121,
24,1,389051009,0.242123007774353,75376,75392,176.156615037859,3.49117509545611,4765,4781,1332.14825988357,1332.17048206747,0.022222183900112,"real, double peak"
461,13,142052876,0.548212647438049,322323,322339,163.930730790017,0.477285007050419,14401,14417,1675.12709925351,1675.14932129856,0.022222045050057,
453,12,395130640,0.521546125411987,304817,304833,271.144788338489,1.15073573690139,17505,17521,1650.81448316367,1650.83670510961,0.022221945939919,
126,4,142052876,0.019477367401123,136266,136282,22.4428572889725,0.893559993876183,4132,4148,1416.71309092345,1416.73531286852,0.022221945069987,
35,2,142052876,0.214128255844116,96696,96712,98.2259742865875,0.709050534733625,5405,5421,1361.75568903421,1361.7779108819,0.022221847690162,
441,12,388857263,0.013083338737488,302968,302984,7.12978640321087,0.182490540484764,15663,15679,1648.24804187671,1648.2702635279,0.022221651190193,
248,7,142052876,0.135637044906616,191114,191129,74.6281895888723,0.599735925592313,907,922,1492.89060507891,1492.9114386063,0.020833527390096,
186,5,142052876,0.029988169670105,164325,164340,30.6846572169773,0.819268687844191,11286,11301,1455.6835822716,1455.7044155662,0.020833294599925,
343,10,220429097,0.081073760986328,261292,261307,102.929605054268,4.81195142998673,11544,11559,1590.35981631166,1590.38064954335,0.020833231689949,
417,12,388857263,0.049664616584778,286484,286499,17.0577028421409,0.458157635469911,175,190,1625.35392416387,1625.37475737286,0.020833208990098,
341,10,167894019,0.074988722801209,247602,247617,55.9399479695231,1.45365208891402,161,176,1571.34773386707,1571.36856703946,0.020833172389757,
222,6,29780677,0.063601016998291,187832,187847,82.2879819488677,3.31562774260237,13363,13378,1488.33251087568,1488.35334394052,0.02083306484019,
23,1,358108509,1.77687096595764,90504,90519,1096.0073077801,7.38612212186431,18088,18103,1353.15682904014,1353.17766203019,0.020832990049939,
5,1,142052876,0.095916032791138,77718,77733,50.5457793019896,0.741187710737561,7009,7023,1335.39779013321,1335.41862311316,0.020832979950001,
433,12,388857263,0.034918546676636,297908,297923,17.2825782845283,0.258471886376987,10627,10642,1641.22042345338,1641.24125635224,0.020832898859908,
271,8,7975441,0.138054490089417,221717,221732,170.401370170544,6.49658498892167,7898,7913,1535.40088248581,1535.42171536802,0.020832882210016,
446,12,388857263,0.02319598197937,305808,305823,20.4570950279747,0.297766732708703,18496,18511,1652.19237589163,1652.21320857791,0.020832686279846,
51,2,340703996,0.508836627006531,97099,97113,129.461870943464,0.569130482728323,5808,5822,1362.3201520572,1362.33959692249,0.019444865290097,
61,3,29928567,0.00486946105957,115546,115560,5.20005187482909,0.039994587098897,1407,1421,1387.94108180265,1387.96052656643,0.019444763779802,
288,9,29780677,0.074954748153687,233735,233749,70.1251266181616,3.0087438043716,5170,5184,1552.08641501211,1552.10585955433,0.019444542220299,
289,9,44984200,2.77287292480469,239970,239984,837.74139818415,3.10031926228894,9358,9372,1560.74893877806,1560.76838324385,0.01944446579023,
349,10,272349442,0.03270697593689,250211,250225,27.8664088866331,0.789627394940995,2763,2777,1574.9737533056,1574.99319776176,0.019444456160045,
301,9,167894019,0.432870984077454,231525,231539,145.145183603708,1.00825679656479,2967,2981,1549.01873648778,1549.03818086085,0.019444373069746,
291,9,55099399,0.022772431373596,235564,235578,24.8730907001355,0.911238027893866,6992,7006,1554.63307900401,1554.65252329239,0.019444288380328,
30,2,29780677,0.125855684280396,109949,109963,130.07859437026,2.98870496660417,17387,17401,1380.16327243317,1380.18271668688,0.01944425371039,
426,12,388857263,0.008805394172668,294439,294453,11.23150450255,0.313970399726412,7984,7998,1636.40245834451,1636.4219025432,0.01944419869028,
427,12,388857263,0.02016019821167,295366,295380,18.7473265052554,0.283082805278628,8879,8893,1637.68994061406,1637.70938476339,0.019444149329729,
240,6,388903843,0.000340580940247,182043,182057,0.315022084349993,0.010303747808037,7595,7609,1480.29763494277,1480.31707906906,0.019444126290409,
309,9,272349442,0.064294338226318,228595,228608,38.2263318177605,0.555560076835122,44,57,1544.95114994636,1544.96920599718,0.018056050820178,
370,11,388857263,0.015015006065369,270581,270594,14.5472532428137,0.429774709384317,2276,2289,1603.2661587308,1603.28421476064,0.018056029840182,
115,4,44892011,0.100646734237671,136814,136827,86.8939789671435,2.57941754407608,4645,4658,1417.47854794604,1417.49660391883,0.01805597279008,
188,5,167894019,0.206586718559265,154531,154544,94.0732006727749,1.36616602633047,2620,2633,1442.08180894052,1442.09986480183,0.018055861310131,
252,7,142052876,0.146104335784912,204013,204026,53.435104947494,0.508361559706092,12576,12589,1510.80607779586,1510.82413359587,0.018055800010188,
359,11,125835702,0.124326109886169,271288,271301,123.314367472319,4.30319103297573,2973,2986,1604.24965860184,1604.26771437743,0.018055775590256,
200,5,298907057,0.877499938011169,161377,161390,802.365606273062,15.0868339790756,8345,8358,1451.59524062476,1451.61329630116,0.018055676400309,
255,7,167894019,0.552098512649536,197802,197815,179.650217582411,1.13741181174332,7572,7585,1502.18116105061,1502.19921669876,0.018055648150039,
292,9,55099399,0.087549924850464,239689,239702,64.3390387166618,0.770741240838753,9077,9090,1560.36219177353,1560.38024713167,0.018055358139918,
307,9,220429097,0.050804138183594,231132,231145,48.5758931011056,1.90616907415301,2574,2587,1548.47139003975,1548.48944530849,0.01805526874,
32,2,142052876,0.043529033660889,93517,93530,29.1454193410176,0.60941640252575,2294,2307,1357.34048324882,1357.35853851622,0.018055267400087,
147,4,293561794,0.043736457824707,140571,140584,39.6999667673712,0.004527319666179,6145,6158,1422.69851309357,1422.71656831642,0.01805522285008,noise
57,3,29928567,0.014597535133362,114429,114441,9.46683486223836,0.117653826472958,313,325,1386.38966526578,1386.40633225293,0.016666987150075,
133,4,167894019,0.034862160682678,133796,133808,38.6415454935035,1.71475077050999,1680,1692,1413.28278032598,1413.29944724448,0.016666918499823,
317,9,272349442,0.118370652198792,240402,240414,57.6447662258297,0.825568198144907,9790,9802,1561.35007227621,1561.3667391628,0.016666886589974,
76,3,29928567,0.017454147338867,122266,122278,12.100945121536,0.213522829039944,7115,7127,1397.27451642006,1397.29118319254,0.016666772480221,
268,7,410898932,0.076596736907959,199741,199753,75.0787704648965,3.32311192939247,8311,8323,1504.87536408264,1504.89203083014,0.01666674750004,
329,10,2470992,0.045286417007446,259703,259715,48.6150788662621,2.61224226700062,9964,9976,1588.15967996958,1588.17634651042,0.016666540839879,
144,4,293561794,0.258252620697021,135675,135687,96.8553647610518,2.18490566808416,3541,3553,1415.89861882239,1415.91528532665,0.016666504260002,real
333,10,44984200,0.036624431610108,259841,259853,40.6928050339632,2.02871315337794,10102,10114,1588.34732176614,1588.36398819988,0.016666433740056,
335,10,44984200,0.030284762382507,259921,259933,34.1707623483732,2.02548103531847,10182,10194,1588.45843132058,1588.47509775292,0.016666432339889,
270,8,7975441,0.367637515068054,216170,216182,272.524026778357,5.24093563064818,6892,6904,1527.69684564587,1527.71351207643,0.016666430560008,
400,12,190138951,0.07666015625,297715,297727,51.0194639554644,1.2972405522917,10435,10447,1640.95334275327,1640.97000913531,0.016666382040057,
440,12,388857263,0.029823541641235,302903,302915,15.8120115040539,0.246482256060963,15598,15610,1648.15776641278,1648.1744326528,0.016666240019959,
213,5,416744592,0.097983717918396,164046,164058,99.9194527404601,5.62150259664926,11007,11019,1455.30246691119,1455.31913309834,0.016666187150122,
371,11,388857263,0.05450963973999,272512,272523,27.1333050980811,0.13922229260358,4197,4208,1605.94816999433,1605.96344813023,0.015278135899962,
384,11,441000085,1.00440168380737,270340,270351,329.89353469018,6.78019316989031,2048,2059,1602.93319285326,1602.94847097705,0.01527812379004,
177,5,77959225,0.033097982406616,161574,161585,28.1848910961325,0.926932743696844,8542,8553,1451.86711315181,1451.8823911056,0.015277953790019,
283,8,415678624,0.232134461402893,222990,223001,212.361519104893,8.53469954779221,9163,9174,1537.16867977121,1537.18395767901,0.015277907800055,
392,12,142052876,0.029528021812439,289265,289276,18.1560272770226,0.622813975032216,2874,2885,1629.21330196276,1629.22857982846,0.015277865700227,
119,4,141306513,0.066811203956604,141913,141924,68.2748625461052,4.02502280603398,6275,6286,1424.5620922468,1424.57737010419,0.015277857390174,
187,5,142052876,0.029094219207764,167643,167654,20.2740848922607,0.615106484768151,14597,14608,1460.2919089687,1460.3071867276,0.015277758900084,
22,1,358108509,0.153401970863342,71679,71690,153.123937962633,8.02243719909875,1229,1240,1327.01120321524,1327.02648096606,0.015277750819905,
14,1,167894019,0.252278923988342,74599,74610,89.5839927707832,1.21137240104894,4017,4028,1331.06436648479,1331.07964422359,0.015277738800023,
418,12,388857263,0.017672777175903,287556,287567,8.61656616138263,0.247163424063945,1246,1257,1626.84280624635,1626.85808396455,0.015277718199741,
353,10,272349442,0.060232639312744,254934,254945,35.5021235319848,0.640225514184479,7465,7476,1581.53344902855,1581.54872663588,0.015277607329836,
125,4,142052876,0.01604700088501,136140,136151,16.3846593289584,0.747072747142242,4006,4017,1416.53809310736,1416.55337069444,0.015277587080163,
122,4,142052876,0.033939361572266,133576,133587,23.6261726183058,0.709129660146401,1473,1484,1412.97702736906,1412.99230494496,0.015277575899972,
203,5,332623751,0.0407794713974,162528,162539,39.319502679991,2.12561318129428,9496,9507,1453.19349574376,1453.20877331849,0.015277574730135,
112,4,29780677,0.092017531394959,133574,133585,77.1570823683392,2.80311658609773,1471,1482,1412.97537563212,1412.99065319743,0.015277565310271,
99,3,142052876,0.041289925575256,122174,122185,18.2061920469963,0.672178705730171,7023,7034,1397.14116357042,1397.15644108497,0.015277514550007,
232,6,156735150,0.06655764579773,187004,187015,46.2312690041767,1.19161357272125,12542,12553,1487.18860394539,1487.20388138229,0.015277436900078,
444,12,388857263,0.025290846824646,305117,305128,13.7738925790531,0.143731185044386,17805,17816,1651.23268251249,1651.24795984395,0.015277331460084,
171,4,441519239,0.102286577224731,132475,132485,100.828722769125,5.97821976058806,380,390,1411.45325846088,1411.46714770772,0.013889246839881,
45,2,180724005,0.887585043907166,99179,99189,387.568931154189,3.99724924945609,7854,7864,1365.20835653471,1365.22224568702,0.013889152309957,
318,9,272349442,0.029307126998901,240530,240540,21.0742113810375,0.762134965013833,9918,9928,1561.52785238468,1561.54174145412,0.013889069439529,
290,9,55099399,0.024001479148865,229526,229536,15.0294270970836,0.563989879590798,975,985,1546.2469367057,1546.26082576769,0.013889061990085,
69,3,29928567,0.022482514381409,117385,117395,7.46029462716678,0.240767727971651,3210,3220,1390.49528510518,1390.50917416529,0.013889060109932,
253,7,167894019,0.165647625923157,196981,196991,132.934374332137,2.95805106840211,6758,6761,1501.04087644028,1501.05476542227,0.013888981989794,
383,11,395130640,0.119579434394836,284000,284010,57.0892774845672,0.714924294844469,12368,12378,1621.9020808574,1621.91596983608,0.013888978680143,
348,10,272349442,0.009334683418274,247806,247816,7.7807951231139,0.526170046981793,365,375,1571.63346783853,1571.64735677853,0.013888940000015,
41,2,167894019,0.04295551776886,98063,98073,29.7869044671182,1.77475846314304,6764,6770,1363.65320459932,1363.66709351851,0.013888919190094,
137,4,170675902,0.037223339080811,150463,150473,28.4526194115746,1.35242183843994,14779,14789,1436.43533155306,1436.44922047185,0.013888918789917,
92,3,77111651,1.4639847278595,125489,125499,925.665437837637,6.19351566554319,10280,10290,1401.74950060217,1401.76338941851,0.013888816340113,
208,5,396862832,0.345362067222595,159302,159312,105.82063294406,1.29186887149658,7375,7385,1448.71374425024,1448.72763302304,0.013888772800101,
90,3,29928567,0.003868103027344,128690,128700,3.95427390854987,0.231863782722822,13416,13426,1406.19670374713,1406.21059247429,0.013888727160065,
429,12,388857263,0.003081440925598,297203,297213,2.7310155229545,0.19521512091801,9934,9941,1640.24127758933,1640.25516617429,0.013888584960114,
59,3,29928567,0.057745218276978,115182,115191,17.6907987286218,0.166342412535565,1059,1068,1387.43551771154,1387.4480179278,0.01250021626015,
68,3,29928567,0.027795791625977,116792,116801,10.9499553844551,0.151947790223074,2642,2651,1389.67166331943,1389.68416348913,0.012500169700161,
132,4,142944290,0.095476388931274,134432,134441,51.1956978996268,3.06303467774394,2301,2310,1414.17038394339,1414.18288408888,0.012500145490094,
363,11,142052876,0.028687238693237,273489,273498,10.0694886381636,0.28359864755142,5164,5173,1607.30202500491,1607.314525134,0.012500129090086,
179,5,117733581,0.145610451698303,154815,154824,75.445105328796,2.03190320106313,2904,2913,1442.48080911057,1442.49330921974,0.012500109169878,
254,7,167894019,0.019699096679688,196996,197005,14.4505084207157,0.743025674603465,6766,6775,1501.06170991318,1501.07420999674,0.012500083560099,
91,3,38314290,0.055466055870056,119297,119306,38.9688200058306,1.84821413874386,5073,5082,1393.15145361476,1393.16395366525,0.012500050489962,
17,1,167894019,0.04733419418335,83273,83282,29.6557861305393,0.993401867745631,11680,11689,1343.11153051535,1343.12403050755,0.012499992199992,
331,10,44984200,0.089658498764038,247769,247778,59.3110021787253,1.44116541762656,328,337,1571.58083789213,1571.59333783346,0.012499941329907,
182,5,117733581,0.74394702911377,163308,163317,182.075675287766,1.34587080445364,10276,10285,1454.27663940518,1454.28913932715,0.012499921969948,
87,3,29928567,0.019323468208313,127565,127574,7.80180829875605,0.186183866989339,12315,12324,1404.63422014955,1404.64672003333,0.012499883780038,
88,3,29928567,0.038783431053162,127794,127803,12.3704558041892,0.111806454686351,12529,12538,1404.95227266419,1404.96477254145,0.01249987725987,
401,12,190138951,0.063781499862671,300392,300401,33.9938070398047,1.1803763938544,13095,13104,1644.67133321091,1644.68383297602,0.012499765109851,
196,5,279482950,0.43259596824646,159134,159143,162.625311350512,2.40122052167696,7207,7216,1448.47955595782,1448.49205570935,0.012499751529958,
434,12,388857263,0.011551022529602,298736,298745,5.40737753431386,0.122287987049792,11455,11464,1642.3703994973,1642.38289923541,0.012499738109909,
431,12,388857263,0.003270506858826,297241,297250,3.09312747364123,0.026572082284215,9969,9978,1640.29405421357,1640.30655394096,0.01249972739015,
428,12,388857263,0.00331175327301,297186,297195,2.20973405575138,0.116013505747274,9917,9926,1640.21766699629,1640.23016672183,0.01249972554001,
209,5,396862832,0.331401586532593,168629,168638,106.405701815161,1.23430740694484,15576,15585,1461.66770790779,1461.68020753406,0.012499626270028,
141,4,279482950,0.31567108631134,132727,132735,120.126905259804,3.60760021470948,632,640,1411.80282760866,1411.81393914732,0.011111538659861,
143,4,279482950,1.55408620834351,136554,136562,341.94404518038,3.25497964341478,4396,4403,1417.11827593096,1417.12938733737,0.011111406409782,
294,9,142052876,0.02669358253479,228798,228806,14.7822797377282,0.456945392765298,247,255,1545.23022060672,1545.24133192482,0.011111318099893,
191,5,167894019,0.228038311004639,168320,168328,68.0293659772975,1.01663372632811,15267,15275,1461.23348884469,1461.24460010847,0.011111263779867,
374,11,388857263,0.036878347396851,281400,281408,12.4922948035665,0.122837589237364,9775,9783,1618.29279080737,1618.30390201713,0.011111209760202,
258,7,167894019,0.024616122245789,199890,199898,13.1227259919975,0.555027323068702,8460,8468,1505.08117501256,1505.09228622096,0.011111208400053,
136,4,170675902,0.187540292739868,148515,148523,106.255736319659,3.29703696172184,12831,12839,1433.7297645815,1433.74087576486,0.011111183360072,
120,4,141306513,0.439607381820679,142823,142831,164.382861501434,2.88660272943765,7179,7187,1425.82598462137,1425.83709573721,0.011111115840095,
350,10,272349442,0.042191982269287,250525,250533,16.9272152934327,0.394866437013948,3077,3085,1575.40986457699,1575.42097568917,0.011111112179833,
466,13,201688405,0.054611921310425,327217,327225,44.055145501953,2.51262491140366,19277,19285,1681.92825424645,1681.93936532116,0.011111074710243,
465,13,201688405,1.01329612731934,327203,327211,288.086218552934,2.40262064754584,19263,19271,1681.90880986571,1681.91992094042,0.011111074710016,
15,1,167894019,0.098957896232605,80980,80988,52.755536328874,1.28506161825386,9415,9423,1339.92681253631,1339.93792360914,0.01111107283009,
194,5,220429097,0.120215535163879,152637,152645,37.4316435568636,1.82440520887239,736,744,1439.45236097596,1439.46347204267,0.011111066709873,
459,13,142052876,0.022908806800842,321885,321893,14.4464092433454,0.505876817795974,13963,13971,1674.51877069236,1674.52988171765,0.01111102529012,
211,5,416744592,0.072442770004273,154931,154939,44.8986435426307,1.93963349954333,3020,3028,1442.64297745982,1442.65408848114,0.011111021320176,
457,13,142052876,0.066685914993286,316481,316489,25.6216610477725,0.670450752597515,9280,9288,1667.01327069457,1667.024381712,0.011111017430039,
3,1,142052876,0.023269057273865,76823,76831,13.8537641953717,0.42767289886439,6163,6171,1334.15475516088,1334.16586609197,0.011110931089888,
174,5,29780677,0.360553741455078,166513,166521,88.5566075601753,1.48789771049574,13467,13475,1458.72322512763,1458.73433605851,0.011110930879795,
98,3,142052876,0.021970510482788,120344,120352,11.9143577008814,0.566652337755215,6112,6120,1394.59954664769,1394.61065754494,0.011110897250092,
197,5,279482950,0.358087420463562,162470,162478,142.900138094521,2.13682484481866,9438,9446,1453.11280110977,1453.12391199324,0.01111088347011,
435,12,388857263,0.009537220001221,299552,299560,4.79079413649188,0.13793406351252,12255,12263,1643.5037087927,1643.51481966439,0.011110871690107,
206,5,332623751,0.067813396453858,168476,168484,40.0606598123759,1.49868441971395,15423,15431,1461.45442006773,1461.46553083433,0.011110766600041,
344,10,248223026,0.917194962501526,252327,252334,317.269538205271,13.3827796959835,4872,4879,1577.91407958618,1577.92380208644,0.009722500260068,
50,2,340703996,0.030548810958862,94166,94173,15.71457856941,0.639471739632168,2936,2943,1358.2464421672,1358.256164652,0.009722484800022,
310,9,272349442,0.0383380651474,230442,230449,20.5816508697477,0.903575700758449,1884,1891,1547.5164959702,1547.52621844035,0.009722470150109,
470,13,387220832,0.690917730331421,312179,312186,154.634696666766,1.43901965538371,5046,5053,1661.04167198888,1661.05139444305,0.00972245417006,
314,9,272349442,0.068301796913147,233644,233651,24.7065462440339,0.723927711811577,5079,5086,1551.963820425,1551.97354284276,0.009722417760031,
56,3,29928567,0.012401103973389,114310,114317,5.05611310349965,0.194274376286513,195,202,1386.22438428005,1386.23410669268,0.009722412630026,
286,9,1539914,0.226262927055359,230798,230805,114.145195812157,3.82322416045248,2240,2247,1548.01358400935,1548.02330640174,0.009722392390131,
62,3,29928567,0.010578036308289,115689,115696,3.82805316497728,0.134951389883769,1550,1557,1388.13969614614,1388.14941852477,0.009722378629931,
63,3,29928567,0.026349544525147,115775,115782,8.17983737438587,0.146217634908238,1636,1643,1388.25914250219,1388.26886487896,0.009722376770014,
338,10,142052876,0.039359927177429,262567,262574,14.7116292437794,0.55306034915621,12819,12826,1592.13239386156,1592.14211622016,0.009722358599902,
135,4,167894019,3.85619115829468,140656,140663,3225.06088491426,2.0039651925027,6230,6237,1422.81068971906,1422.82041203823,0.009722319169896,
375,11,388857263,0.004682898521423,281414,281421,3.39572121893645,0.258013960614639,9789,9796,1618.31223542469,1618.32195773358,0.009722308890105,
474,13,387220832,0.199169397354126,320975,320982,87.8282036557616,1.6996192667237,13053,13060,1673.25853270981,1673.26825500379,0.009722293980076,
390,12,142052876,0.059865593910217,287114,287121,21.0382313186545,0.455610234526347,804,811,1626.22578375131,1626.23550603273,0.009722281420409,
78,3,29928567,0.017947793006897,123094,123101,6.84980812507352,0.176561873941449,7938,7945,1398.42452151671,1398.43424376495,0.009722248239996,
43,2,167894019,0.088938593864441,99466,99473,41.1897259464634,1.3842004629892,8137,8144,1365.60181887864,1365.61154110942,0.009722230779971,
351,10,272349442,0.006183743476868,250539,250546,4.08227962981844,0.056511653276679,3091,3098,1575.42930902337,1575.43903124656,0.00972222319001,
180,5,117733581,0.230516195297241,158786,158793,81.3712747034885,1.2288703801943,6859,6866,1447.99610382173,1448.00582601922,0.009722197489964,
86,3,29928567,0.015452742576599,125556,125563,5.57781035902253,0.168125413283989,10347,10354,1401.8439619155,1401.85368409297,0.009722177470167,
130,4,142052876,0.00833797454834,150596,150603,5.33949373596703,0.272712573589354,14899,14906,1436.61564326862,1436.62536537793,0.009722109309905,
131,4,142052876,0.010969638824463,150607,150614,5.54833148380238,0.180530774614422,14910,14917,1436.63092086879,1436.64064297775,0.009722108959977,
221,6,29780677,0.434265613555908,184815,184822,121.850457970347,1.20033647438917,10360,10367,1484.1422855731,1484.15200767478,0.009722101679927,
305,9,167894019,0.128982424736023,245438,245445,40.7644939842762,0.767818866233951,14810,14817,1568.34220795149,1568.35193004289,0.009722091399908,
234,6,220429097,0.06889808177948,174853,174860,49.2108702753281,3.34207786424928,1457,1464,1470.30759390173,1470.31731598594,0.009722084209898,
173,5,29780677,0.033834934234619,163343,163350,17.4413777746381,0.427463824219066,10311,10318,1454.32051772365,1454.33023979178,0.009722068130259,
437,12,388857263,0.013113856315613,301010,301017,5.9990688141217,0.170288420095495,13713,13720,1645.52866366851,1645.53838566587,0.009721997360202,
445,12,388857263,0.011657953262329,305405,305412,4.36046920443652,0.115535857183304,18093,18100,1651.63267069781,1651.64239262951,0.009721931699914,
142,4,279482950,0.953413367271423,134409,134415,270.234847737075,3.18873587880786,2278,2284,1414.13902135153,1414.14735495663,0.008333605099779,
380,11,395130640,0.202317476272583,271858,271864,53.8702498915915,0.726916387250061,3543,3549,1605.0379946404,1605.04632812292,0.008333482519902,
387,12,29780677,0.283353686332703,299540,299546,79.4113163085232,2.24171112744806,12243,12249,1643.48345640703,1643.49178987448,0.008333467450029,
20,1,220429097,0.069311022758484,77383,77389,41.1258711416565,2.03765365747895,6716,6722,1334.93194271203,1334.94027617512,0.008333463089912,
406,12,220429097,0.088409662246704,297277,297283,41.3031202197197,2.18454559729936,10004,10010,1640.33914015995,1640.34747360115,0.008333441199966,
361,11,142052876,0.03380298614502,270595,270601,10.0375653898191,0.422530033887822,2290,2296,1603.28253451617,1603.2908679526,0.008333436430121,
464,13,201688405,0.480860471725464,319132,319138,149.298727947936,4.10051255715819,11246,11252,1670.69906049764,1670.70739389447,0.008333396829812,
475,13,387220832,0.112079977989197,321020,321026,50.6512898598311,2.5817662476139,13098,13104,1673.32103316978,1673.32936656382,0.008333394039937,
476,13,387220832,0.077071666717529,321549,321555,40.4163649717609,1.56429755002765,13627,13633,1674.05576052049,1674.06409390895,0.008333388459732,
227,6,142052876,0.024804949760437,182414,182420,10.8286652289309,0.682835664335457,7966,7972,1480.80721443848,1480.81554782205,0.008333383569607,
266,7,366567664,0.2142174243927,202907,202913,50.3770735757174,0.982986659748639,11470,11476,1509.27632814225,1509.28466152193,0.008333379679698,
448,12,395130640,0.095607399940491,287172,287178,30.3479855456025,0.913472839677946,862,868,1626.30764919022,1626.31598254702,0.008333356799994,
416,12,363217984,0.03839111328125,297244,297250,15.6265766203675,0.054687979792584,9972,9978,1640.29829993942,1640.30663328737,0.008333347950156,
478,13,387220832,0.158682942390442,326295,326301,50.7788851805391,1.13803439256361,18355,18361,1680.64744993248,1680.65578326925,0.008333336769738,
302,9,167894019,0.104472160339355,232580,232586,29.7457887250762,0.460592766514847,4015,4021,1550.48400819576,1550.4923414904,0.008333294640124,
195,5,220429097,0.187399029731751,163141,163147,57.7969440570378,2.26658427024805,10109,10115,1454.04113177388,1454.0494650334,0.008333259519986,
129,4,142052876,0.01568329334259,146734,146740,7.92996718031008,0.46489967129447,11063,11069,1431.2518061116,1431.26013936804,0.00833325644021,
47,2,234307350,2.75592374801636,104122,104128,621.627701436764,9.47226639521128,11692,11698,1372.07106805735,1372.07940126559,0.008333208240174,
277,8,220429097,0.050770282745361,221726,221732,23.2635304734217,1.19583990904866,7907,7913,1535.40773144582,1535.41606462876,0.008333182940078,
412,12,277539431,0.067713618278504,302744,302750,41.1980390709894,2.47100675794337,15439,15445,1647.93513424655,1647.94346740824,0.008333161689961,
48,2,304392811,0.181799173355102,109559,109565,70.752034478622,3.09770544642883,16999,17005,1379.62592530783,1379.63425846682,0.008333158989899,
436,12,388857263,0.007063865661621,300545,300551,2.66665643174323,0.122999659848956,13248,13254,1644.88284507887,1644.89117822426,0.008333145389997,
204,5,332623751,0.221811413764954,166807,166813,56.55941437904,1.04520169159064,13761,13767,1459.13643105849,1459.14476417186,0.008333113370099,
447,12,388857263,0.016763091087341,306302,306308,4.48529030338715,0.168897996325784,18990,18996,1652.87846498992,1652.88679804474,0.008333054820014,
150,4,293561794,0.081761837005615,146741,146747,33.1614706131729,1.92924647827113,11070,11076,1431.26773741311,1431.27607044777,0.008333034659699,real
247,6,388903843,0.000317335128784,188650,188656,0.142831274161869,0.009246291084111,14181,14187,1489.47377850061,1489.48211152503,0.008333024420153,
311,9,272349442,0.017778635025025,230454,230459,7.00721000220316,0.32250298971616,1896,1901,1547.53316306169,1547.54010768302,0.006944621329922,
413,12,358108509,0.149846434593201,289806,289811,53.2086256666235,2.50414484788635,3412,3417,1629.9645618603,1629.97150645884,0.006944598540031,
280,8,415678624,0.29414165019989,215616,215621,72.6579602445957,3.62475800078506,6338,6343,1526.9268592385,1526.93380383137,0.006944592869786,
372,11,388857263,0.003929853439331,273777,273782,1.97021347294602,0.13764611739229,5452,5457,1607.70515366184,1607.71209825281,0.006944590970306,
116,4,141306513,0.20782458782196,134304,134309,68.2540024263566,3.15145851094796,2175,2180,1413.99395872204,1414.00090328259,0.006944560549982,
300,9,142052876,0.021302938461304,244414,244419,7.8522912550121,0.282693736697888,13787,13792,1566.91949523443,1566.92643979203,0.006944557600264,
161,4,365369408,0.016294360160828,140638,140643,6.76147459561884,0.401319374208403,6212,6217,1422.79161330091,1422.79855785308,0.006944552170125,
468,13,220429097,0.192931294441223,313226,313231,58.847685055281,3.12554414922273,6088,6093,1662.49083450899,1662.49777906042,0.006944551429569,
67,3,29928567,0.023081660270691,116247,116252,5.61518420152513,0.115556640659668,2105,2110,1388.91470812396,1388.92165267147,0.006944547509875,
190,5,167894019,0.260698556900024,167796,167801,49.3291049633448,0.730602277909563,14750,14755,1460.50570084818,1460.51264539203,0.006944543850068,
107,3,220429097,0.050878047943115,121940,121945,19.3164332902805,1.28648845372029,6791,6796,1396.81758278748,1396.82452729646,0.006944508979814,
110,3,369555560,0.136266112327576,124505,124510,44.4284138245589,1.73885313586904,9322,9327,1400.38451349371,1400.39145799233,0.006944498619987,
44,2,167894019,0.099504351615906,104054,104059,29.1931035276587,1.00088327586627,11624,11629,1371.97406390419,1371.98100839571,0.006944491520017,
391,12,142052876,0.021777868270874,288454,288459,9.89985778724164,0.349965612487144,2143,2148,1628.08690639298,1628.09385087975,0.006944486769953,
53,2,340703996,0.14037024974823,105530,105535,24.568118855645,0.346057565040053,13070,13075,1374.03004134762,1374.03698581969,0.006944472070018,
347,10,272349442,0.024177312850952,247785,247790,11.4656489267009,0.622653211074257,344,349,1571.60430106442,1571.61124553454,0.006944470120288,
225,6,142052876,0.049857139587402,178287,178292,17.3944211167939,0.565226944947781,4864,4869,1475.07525302927,1475.08219749181,0.006944462539877,
449,12,395130640,0.070034384727478,291475,291480,20.9242849510599,1.03156912493939,5041,5046,1632.2840502998,1632.29099474665,0.006944446849957,
352,10,272349442,0.009127378463745,250552,250557,4.21364339202937,0.346746880735545,3104,3109,1575.44736458052,1575.45430902549,0.006944444970031,
284,8,415678624,0.490922451019287,225542,225547,203.756218251082,5.43426340039276,11706,11711,1540.7131398445,1540.72008428603,0.006944441529868,
16,1,167894019,0.099456429481506,82713,82718,29.3935823581343,0.841828232659371,11122,11127,1342.33375328407,1342.34069772289,0.006944438820256,
275,8,167894019,0.137048959732056,223409,223414,27.2267862412702,0.486278176307899,9582,9587,1537.74655018416,1537.75349461882,0.006944434659999,
18,1,167894019,0.090372323989868,88092,88097,34.4772709088037,1.08815904263808,15706,15711,1349.80458010538,1349.81152453807,0.006944432689806,
83,3,29928567,0.037710666656494,124933,124938,8.24378438986118,0.220390414429321,9726,9731,1400.97868741375,1400.9856318374,0.006944423649884,
181,5,117733581,0.06532096862793,158956,158961,25.5332641304604,1.02682975486066,7029,7034,1448.23221427854,1448.23915870173,0.006944423189907,
109,3,248350761,0.160662055015564,124136,124141,51.8698526313493,4.17838300407086,8959,8964,1399.87224530955,1399.87918973227,0.006944422719926,
21,1,234307350,0.697781324386597,87843,87848,319.791929132386,12.8881359214995,15481,15484,1349.46156857185,1349.46851299156,0.006944419709953,
85,3,29928567,0.013300657272339,125386,125391,4.33413154351531,0.17349919924685,10178,10183,1401.60785183593,1401.61479625167,0.006944415739781,
419,12,388857263,0.008765935897827,289533,289538,2.64527397148244,0.121557800147813,3140,3145,1629.58862773395,1629.59557214284,0.006944408890149,
269,8,7975441,0.202603220939636,213756,213761,64.3071525784712,3.18155798031772,4485,4490,1524.34409936874,1524.35104377721,0.00694440847019,
183,5,142052876,0.033434867858887,152009,152014,11.8584373407051,0.665403664332345,108,113,1438.57812080704,1438.58506519163,0.006944384589815,
164,4,365369408,0.016134023666382,150604,150609,5.67573383311269,0.27486496926127,14907,14912,1436.63333280277,1436.64027718684,0.006944384070266,
128,4,142052876,0.011029243469238,143599,143604,5.02383369487403,0.275150968565874,7955,7960,1426.89768111329,1426.90462548711,0.006944373820033,
229,6,144776281,0.041396141052246,181180,181185,15.426131437587,1.02340935220651,6732,6737,1479.09978291686,1479.10672728231,0.006944365449954,
202,5,298907057,1.43169951438904,166606,166611,449.47065478148,2.0433589887882,13560,13565,1458.8577144813,1458.8646588407,0.006944359399995,
366,11,167894019,0.149192094802856,278553,278558,39.5271302565562,0.939746022684239,6937,6942,1614.33467134624,1614.34161569688,0.006944350640197,
55,3,29780677,0.17628824710846,128000,128005,53.6766628820211,1.34156922886528,12734,12739,1405.23382603565,1405.24077038515,0.006944349500145,
217,6,29780677,0.124978184700012,174752,174757,41.2865190353545,1.42066946387385,1356,1361,1470.16609548505,1470.17303982812,0.00694434306979,
306,9,220429097,0.056332349777222,231117,231122,29.5900603834992,2.7154495481472,2559,2564,1548.45055703733,1548.45750137147,0.006944334139916,
37,2,142052876,0.04597806930542,107289,107294,14.4362279957052,0.437925122289062,14797,14802,1376.46792472454,1376.47486904843,0.006944323890139,
236,6,220429097,0.125453114509583,178611,178616,47.8657154807598,3.24441143897573,5188,5193,1475.52695559531,1475.5338999153,0.006944319989998,
113,4,29780677,0.097084999084473,140559,140564,29.792552188998,1.99218125251338,6133,6138,1422.67661427165,1422.68355858721,0.006944315559849,
38,2,142052876,0.022903800010681,109314,109319,11.0119862293547,0.830578213641434,16756,16761,1379.28037437481,1379.28731868964,0.00694431482998,
356,10,272349442,0.034230589866638,263758,263763,9.95904677547939,0.404842085351807,13999,14004,1593.78885191599,1593.79579622896,0.006944312970063,
430,12,388857263,0.002598643302917,297232,297237,1.39849472782316,0.141476064403162,9960,9965,1640.28155448617,1640.28849877912,0.006944292949811,
94,3,140478472,0.02488911151886,127519,127524,10.3046640662831,0.693217118107432,12275,12279,1404.56948829057,1404.57643257312,0.006944282549739,
367,11,248223026,0.288074612617493,279655,279660,65.4896823129527,1.51226200785657,8037,8042,1615.86964598397,1615.87659026248,0.006944278510218,
244,6,388903843,0.000341653823853,184420,184425,0.149227373203487,0.00909109875131,9965,9970,1483.59895684274,1483.60590112064,0.006944277899947,
438,12,388857263,0.010527729988098,302219,302224,3.13594708921018,0.119083515662884,14914,14919,1647.20779026799,1647.21473454114,0.006944273150111,
205,5,332623751,0.018428325653076,166819,166824,7.75305235353647,0.354306776330808,13773,13778,1459.15309728476,1459.16004154543,0.006944260670252,
272,8,7975441,0.308963060379028,223541,223546,81.3155774554583,2.25033157728886,9714,9719,1537.93415377223,1537.9410980261,0.006944253869506,
151,4,293561794,0.143813252449036,147808,147813,47.1718517467644,1.64380258332818,12137,12142,1432.74962685266,1432.75657103044,0.006944177780042,
230,6,144776281,0.046865701675415,188950,188955,15.7525949407542,0.779819293415425,14481,14486,1489.89116971313,1489.89811388766,0.006944174529735,
153,4,293561794,0.056352138519287,148968,148973,23.4854506309907,1.41517069144728,13284,13289,1434.36067407226,1434.36761823328,0.006944161020101,
154,4,328254412,0.214658141136169,133333,133337,52.0525210053204,2.28646909567933,1230,1234,1412.64550147211,1412.65105717858,0.005555706469977,
469,13,387220832,0.171560645103455,311870,311874,41.8347476839868,1.69073409833816,4753,4757,1660.61249499147,1660.61805068203,0.005555690560186,
295,9,142052876,0.017220139503479,231160,231164,4.9600472391212,0.342576591304671,2602,2606,1548.51083739323,1548.51639305186,0.005555658629874,
296,9,142052876,0.022608160972595,233696,233700,6.67335428687073,0.47344312545654,5131,5135,1552.03312378398,1552.0386794381,0.005555654119917,
155,4,328254412,0.106981635093689,136253,136257,44.6065177933954,3.48656860490951,4119,4123,1416.70114576972,1416.70670142077,0.005555651050145,
345,10,248223026,0.263787865638733,258163,258167,119.224190216146,12.9131746938509,8426,8430,1586.01979686822,1586.0253525164,0.005555648180234,
189,5,167894019,0.077229976654053,164130,164134,17.027245952154,0.815793352661756,11091,11095,1455.41395465873,1455.41951030654,0.005555647809842,
388,12,29780677,0.030738830566406,299552,299556,10.1081710402986,0.458376028184972,12255,12259,1643.50012334191,1643.50567898686,0.005555644949936,
19,1,220429097,0.183950424194336,76760,76764,57.3096226494867,2.92913059371037,6100,6104,1334.06665128167,1334.07220692597,0.005555644299875,
163,4,365369408,0.013130068778992,140695,140699,5.90211156293418,0.334407923662596,6269,6273,1422.87078120035,1422.87633684349,0.005555643140042,
199,5,298907057,0.42212450504303,154621,154625,164.936651163442,1.27469128773467,2710,2714,1442.21184674511,1442.21740238824,0.005555643130265,
358,11,29780677,0.039079189300537,273181,273185,15.5279655355365,1.54533933054286,4856,4860,1606.87315211111,1606.87870775095,0.005555639840168,
134,4,167894019,0.013097286224365,134063,134067,5.86100856904993,0.679300325648717,1947,1951,1413.65361926516,1413.65917490472,0.005555639559816,
405,12,220429097,0.092726707458496,297264,297268,28.5577410831913,1.1086431114608,9991,9995,1640.32108437086,1640.32663999821,0.00555562734985,
158,4,328254412,0.090386629104614,142074,142078,32.1746085871337,2.6726411630217,6436,6440,1424.78596136012,1424.79151697532,0.00555561519991,
257,7,167894019,0.024820566177368,199878,199882,9.2259356246651,0.788652940909449,8448,8452,1505.06450820004,1505.07006380421,0.005555604170013,
320,9,272349442,0.031813383102417,242926,242930,9.56426864620254,0.584303554068534,12306,12310,1564.85566670427,1564.86122230829,0.005555604019946,
72,3,29928567,0.004522919654846,120381,120385,1.95089085680892,0.154692566482097,6148,6152,1394.65643684406,1394.66199244668,0.005555602620007,
75,3,29928567,0.009278535842896,121938,121942,2.9046918471621,0.162021311772698,6789,6793,1396.81895753628,1396.82451313797,0.005555601689593,
322,9,272349442,0.045026421546936,243382,243386,15.7331585825925,0.747429237350512,12762,12766,1565.48900526051,1565.49456085895,0.005555598439969,
394,12,142052876,0.020979881286621,291633,291637,5.11772042105672,0.396014456264077,5199,5203,1632.50220772209,1632.50776330229,0.005555580199825,
293,9,107012050,0.033151149749756,242806,242810,10.6306197574118,0.571133008622916,12186,12190,1564.69015130518,1564.69570688453,0.005555579349902,
377,11,388857263,0.015070199966431,284360,284364,5.52311081434927,0.098720097445652,12728,12732,1622.40392864788,1622.40948422389,0.005555576010238,
389,12,72254026,0.038532853126526,291251,291255,14.1289828422029,1.15149268112397,4830,4834,1631.97540673244,1631.98096230752,0.005555575079597,
379,11,388857263,0.023624658584595,284987,284991,7.45941433195677,0.40070929499521,13355,13359,1623.27476436763,1623.28031993246,0.005555564830047,
397,12,142052876,0.015505194664002,300143,300147,5.16682770188882,0.3609701690167,12846,12850,1644.32167365262,1644.32722921489,0.005555562270274,
79,3,29928567,0.007010579109192,123550,123554,2.19171736078304,0.1035675672056,8373,8377,1399.05785603412,1399.0634115953,0.005555561180245,
326,9,272349442,0.027842998504639,245324,245328,10.2190213345656,0.688418879982877,14696,14700,1568.18624036886,1568.19179592725,0.005555558390142,
285,8,415678624,0.073739528656006,225555,225559,25.9522567552738,1.72851585237612,11719,11723,1540.73119539248,1540.7367509457,0.005555553219892,
82,3,29928567,0.005273938179016,124665,124669,2.16089714689837,0.121018959341875,9482,9486,1400.60646616374,1400.61202170676,0.005555543020137,
26,2,29780677,0.180007696151733,102541,102545,36.9524175880351,1.15532710529273,10142,10146,1369.87445088543,1369.88000641564,0.005555530209904,
421,12,388857263,0.008076906204224,290414,290418,2.26078064088514,0.149796665274322,4020,4024,1630.81223189812,1630.81778741918,0.00555552106016,
29,2,29780677,0.037412405014038,106995,106999,16.1666001615187,1.67070979234975,14520,14524,1376.06052799775,1376.06608351527,0.005555517519952,
328,10,2470992,0.264350891113281,259509,259513,65.4185970938425,2.53143066060754,9770,9774,1587.89023750231,1587.89579301825,0.005555515940159,
93,3,140478472,0.064565062522888,119271,119275,17.5832090653561,1.13024149648642,5047,5051,1393.11409864264,1393.11965415446,0.005555511819694,
463,13,167894019,0.077589869499207,322065,322069,24.9115073210315,0.743033523070239,14143,14147,1674.7671648686,1674.77272037178,0.005555503180176,
451,12,395130640,0.058212876319885,302191,302195,16.2358795616382,0.637913026506331,14886,14890,1647.1673004205,1647.1728559234,0.005555502900052,
424,12,388857263,0.008203864097595,292678,292682,2.73910310645578,0.151462358765635,6243,6247,1633.95665183265,1633.96220733555,0.005555502899824,
2,1,142052876,0.01566743850708,74161,74165,6.07431744557985,0.454474733780313,3579,3583,1330.45757796347,1330.46313346101,0.005555497539945,
287,9,1539914,0.134890079498291,243013,243017,40.7338973856412,2.59224261083217,12393,12397,1564.97888907093,1564.98444455994,0.005555489010021,
425,12,388857263,0.015173435211182,294181,294185,3.50067679494205,0.122404901891474,7726,7730,1636.04412943554,1636.04968492401,0.005555488470009,
220,6,29780677,0.075611352920532,181444,181448,20.2074617978426,1.35817746339767,6996,7000,1479.46039962111,1479.46595510575,0.005555484640126,
121,4,141306513,0.184749722480774,146868,146872,54.5089493199129,2.46507943185056,11197,11201,1431.44400232995,1431.44955781383,0.005555483880016,
123,4,142052876,0.031949162483215,133672,133676,9.11841796559227,0.537909435504234,1569,1573,1413.11035894417,1413.11591442665,0.005555482480077,
140,4,278199738,0.054450988769531,150641,150645,24.3632860035511,2.43472624884374,14944,14948,1436.67772625591,1436.68328173688,0.005555480970088,
334,10,44984200,0.038255214691162,259857,259861,13.8387461032598,1.16246223593997,10118,10122,1588.36954367775,1588.37509915563,0.00555547788008,
9,1,142052876,0.032282948493958,81303,81307,7.17789436899623,0.300676584895916,9738,9742,1340.37687126933,1340.38242673831,0.005555468979765,
172,5,29780677,0.106706380844116,163335,163339,30.8547850870273,1.65941342439085,10303,10307,1454.30940678864,1454.31496225613,0.005555467489785,
6,1,142052876,0.010650396347046,79157,79161,4.9086767683271,0.527397780655431,8437,8441,1337.39636817107,1337.40192363559,0.005555464520057,
398,12,167894019,0.063748121261597,294598,294602,22.8839969413773,1.38089486750687,8143,8147,1636.61905485882,1636.62461032176,0.005555462940038,
7,1,142052876,0.009267926216125,80888,80892,3.42769052844419,0.337234464673954,9323,9327,1339.80049172368,1339.80604718498,0.005555461299991,
148,4,293561794,0.068707227706909,140693,140697,23.2992791014086,1.39368520418167,6267,6271,1422.86795444691,1422.87350990239,0.005555455480135,
454,12,449671564,0.039408326148987,304897,304901,12.0236670616159,0.6039381182046,17585,17589,1650.9253772247,1650.93093267615,0.005555451449936,
432,12,388857263,0.003210186958313,297287,297291,1.29741712207565,0.106359183094374,10014,10018,1640.35794171323,1640.36349714814,0.005555434909866,
260,7,220429097,0.253546714782715,206975,206979,85.1181364679076,3.9191053990628,15523,15527,1514.92063206808,1514.9261875004,0.005555432320079,
242,6,388903843,0.00027322769165,184114,184118,0.093438856310669,0.00852943348095,9659,9663,1483.17396684575,1483.17952227329,0.005555427540003,
402,12,190138951,0.068651556968689,303726,303730,16.2341471013088,0.612518749744125,16421,16425,1649.30179091836,1649.3073463421,0.005555423739906,
245,6,388903843,0.000281095504761,184831,184835,0.130187564956969,0.010434454437127,10376,10380,1484.1697761299,1484.17533154533,0.005555415430308,
246,6,388903843,0.000281572341919,184853,184857,0.099089025194608,0.003394887773258,10398,10402,1484.20033091383,1484.20588632879,0.005555414960099,
442,12,388857263,0.002490282058716,303709,303713,1.05910806455299,0.084978821280422,16404,16408,1649.27718156507,1649.28273697205,0.005555406979965,
443,12,388857263,0.014471292495728,304518,304522,3.28094327389219,0.070002623564579,17206,17210,1650.40076188445,1650.40631728398,0.005555399530067,
215,5,416744592,0.343240141868591,169356,169360,76.8883321670828,2.94415252258961,16303,16307,1462.67719540152,1462.68275071311,0.005555311590115,
263,7,366567664,0.04586672782898,191115,191118,11.0613546994359,0.754008125481733,908,911,1492.8982423495,1492.90240916577,0.004166816269844,
369,11,388857263,0.014124274253845,269758,269761,3.95299731392945,0.301909659514896,1466,1469,1602.12307254384,1602.12723932422,0.004166780380046,
264,7,366567664,0.035799026489258,194026,194029,10.4928759857637,1.27461093907971,3810,3813,1496.94142331059,1496.94559008635,0.004166775760268,
279,8,415678624,0.082103610038757,214416,214419,25.7524497725022,3.30157935272246,5145,5148,1525.26015346061,1525.2643202331,0.004166772489953,
265,7,366567664,0.167421817779541,194490,194493,30.1563710752304,0.953181835217026,4274,4277,1497.58588418093,1497.59005095064,0.004166769709855,
312,9,272349442,0.025884509086609,232930,232933,7.15261137141123,0.584769413490993,4365,4368,1550.97213309831,1550.97629985477,0.004166756459881,
313,9,272349442,0.02357828617096,233558,233561,6.89264431322916,0.546556112932018,4993,4996,1551.84437356745,1551.84854031855,0.004166751100001,
385,11,441000085,0.082258224487305,271992,271995,28.1499016069626,2.65169878918356,3677,3680,1605.22768599852,1605.23185274723,0.004166748710304,
165,4,406479664,0.075104117393494,134583,134586,22.5033705240832,2.32768680971321,2451,2454,1414.38060687993,1414.38477362753,0.004166747600038,
52,2,340703996,0.078812122344971,100436,100439,16.9797770115532,0.598894217601542,9080,9083,1366.95496518992,1366.95913193565,0.004166745730117,
298,9,142052876,0.005817174911499,238839,238842,2.01127968823118,0.234543099430997,8236,8239,1559.17630057204,1559.18046731696,0.004166744919758,
299,9,142052876,0.013651728630066,239785,239788,4.56393173987971,0.428885269874439,9173,9176,1560.49021407206,1560.49438081647,0.004166744410213,
327,10,2470992,0.106138348579407,248547,248550,29.0167599208974,2.2407380180251,1099,1102,1572.66517681375,1572.66934355547,0.004166741720155,
58,3,29928567,0.004764914512634,115105,115108,1.39627506058937,0.114614266308348,984,987,1387.32857140412,1387.33273814334,0.004166739220182,
60,3,29928567,0.005707740783691,115532,115535,1.93575718773806,0.138288897310353,1394,1397,1387.92163703794,1387.92580377343,0.004166735490116,
315,9,272349442,0.054003119468689,238459,238462,13.4428987997311,0.487441668815223,7856,7859,1558.65142189018,1558.65558862219,0.004166732009935,
65,3,29928567,0.003548502922058,116108,116111,0.990386735473787,0.102688978316708,1967,1970,1388.72164967785,1388.72581640776,0.004166729909912,
297,9,142052876,0.01271915435791,235983,235986,3.67317814283356,0.377964900923459,7411,7414,1555.20956561293,1555.21373234066,0.00416672773008,
456,13,29780677,0.140158891677856,311958,311961,30.9589119012364,1.7130606718662,4834,4837,1660.7309251504,1660.73509187251,0.004166722110085,
360,11,142052876,0.020276665687561,269442,269445,5.07069948400392,0.339524538818271,1150,1153,1601.68112535636,1601.6852920769,0.00416672054007,
404,12,220429097,0.095755815505982,297195,297198,22.9969693157643,2.16602876472396,9926,9929,1640.22524980115,1640.2294165214,0.004166720250396,
403,12,220429097,0.054747462272644,297167,297170,19.0647282829894,2.40144110464614,9898,9901,1640.18636041238,1640.19052713251,0.004166720130115,
103,3,167894019,0.029304623603821,127182,127185,9.55646401385642,0.925154332148556,11941,11944,1404.09656266191,1404.10072938006,0.004166718149691,
46,2,220429097,0.269856333732605,108627,108630,54.4978449744822,2.56385016023217,16115,16118,1378.32711299385,1378.33127971136,0.004166717509861,
340,10,142052876,0.023271203041077,264323,264326,4.86760307241897,0.266918207458762,14564,14567,1594.57131494603,1594.57548166308,0.004166717050111,
362,11,142052876,0.021173238754273,271348,271351,5.86253489325159,0.351512668510889,3033,3036,1604.32838056796,1604.33254728437,0.004166716410055,
381,11,395130640,0.015784978866577,279114,279117,5.17924085865195,0.64054226269098,7496,7499,1615.11590655889,1615.12007327361,0.004166714719759,
251,7,142052876,0.034947514533997,197024,197027,6.82320819250616,0.300533829874987,6794,6797,1501.0990217236,1501.10318843242,0.004166708820094,
250,7,142052876,0.019807577133179,192921,192924,4.78382170620876,0.385583060063849,2706,2709,1495.40035182733,1495.40451853603,0.004166708699813,
373,11,388857263,0.009471416473389,280603,280606,3.08093793390929,0.148024971741015,8978,8981,1617.18583586868,1617.19000257735,0.004166708669572,
249,7,142052876,0.037066698074341,191598,191601,8.03192704273313,0.475482692636233,1391,1394,1493.56283367046,1493.56700037718,0.004166706720298,
167,4,420001446,0.007289052009583,133659,133662,2.18917464059168,0.207871718920905,1556,1559,1413.09859046668,1413.10275717144,0.00416670476011,
365,11,142052876,0.033711552619934,280325,280328,6.40820605162402,0.333102236265305,8707,8710,1616.79655660121,1616.80072330574,0.004166704530007,
102,3,167894019,0.119019150733948,118408,118411,25.640644715071,0.965009197645943,4223,4226,1391.91032335332,1391.91449005709,0.004166703770125,
73,3,29928567,0.004084229469299,120581,120584,1.30575362210135,0.137305263149166,6336,6339,1394.93421699897,1394.93838370187,0.004166702899738,
262,7,318801864,0.235021829605102,191715,191718,61.6517431927382,3.12494936476409,1508,1511,1493.73116662042,1493.73533332307,0.004166702650082,
321,9,272349442,0.01850438117981,243019,243022,5.25721732783461,0.394818101029897,12399,12402,1564.98483448736,1564.98900118957,0.004166702210114,
108,3,220429097,0.153021931648254,124646,124649,33.598890810361,2.0765915860266,9463,9466,1400.57595107273,1400.58011777435,0.004166701619852,
157,4,328254412,0.206914305686951,140253,140256,47.9557190373958,2.20055108554922,5827,5830,1422.25676749412,1422.26093419376,0.004166699640109,
323,9,272349442,0.028405785560608,243417,243420,6.11805819021515,0.430145269310356,12797,12800,1565.53761674559,1565.54178344407,0.004166698479821,
176,5,77959225,0.079046487808228,159344,159347,18.7876856242225,1.51205827954447,7417,7420,1448.76986838473,1448.77403508134,0.0041666966099,
192,5,170675902,0.090078353881836,152217,152220,21.3787538767081,1.68807790096375,316,319,1438.87145522693,1438.87562192214,0.00416669520996,
228,6,142052876,0.04468047618866,184207,184210,7.91963592726587,0.305045270926419,9752,9755,1483.29750812258,1483.30167481698,0.004166694400055,
324,9,272349442,0.025618076324463,243968,243971,6.96956693015551,0.482366218501754,13341,13344,1566.30289985876,1566.30706655142,0.004166692659737,
166,4,406479664,0.196669459342956,140496,140499,50.1172100023403,3.74653949366195,6070,6073,1422.59320539581,1422.59737208753,0.004166691720229,
111,3,369555560,0.188934206962585,125109,125112,50.5240797756032,2.44692576169789,9902,9905,1401.22340816363,1401.22757485535,0.004166691720002,
393,12,142052876,0.009706616401672,289749,289752,2.70403925757098,0.254337638520623,3355,3358,1629.8855279761,1629.88969466579,0.004166689690237,
325,9,272349442,0.036928296089172,244262,244265,9.82883993919992,0.735800769405929,13635,13638,1566.7112355689,1566.71540225807,0.004166689170006,
77,3,29928567,0.010856986045837,122537,122540,2.86432740505487,0.174100410427399,7385,7388,1397.65090745331,1397.65507414084,0.004166687530187,
267,7,410898932,0.062045335769653,199722,199725,17.7625178688462,1.15467358807062,8292,8295,1504.8489750661,1504.85314175291,0.004166686809867,
395,12,142052876,0.011303901672363,292628,292631,2.70310466166126,0.240594851075332,6193,6196,1633.88415784373,1633.88832452609,0.004166682359937,
224,6,142052876,0.017575740814209,174761,174764,4.77774911081644,0.469732616109412,1365,1368,1470.17801694172,1470.18218361924,0.004166677520061,
118,4,141306513,0.083256363868713,140694,140697,21.6441881439911,2.06876672381881,6268,6271,1422.86902815019,1422.87319482609,0.004166675900024,
138,4,170675902,0.036932349205017,150513,150516,11.603303507839,1.52221925336572,14829,14832,1436.50477614489,1436.50894282031,0.00416667541981,
42,2,167894019,0.012797474861145,98341,98344,3.72628959947436,0.369210410029312,7033,7036,1364.03931652043,1364.04348319545,0.004166675019633,
415,12,363217984,0.028809309005737,297180,297183,9.13062706423134,0.849064822605934,9911,9914,1640.20941089834,1640.21357757208,0.004166673739974,
239,6,388903843,0.000235319137573,173449,173452,0.049338332795212,0.00251017346252,61,64,1468.36165428696,1468.36582095307,0.004166666110223,
274,8,167894019,0.152371287345886,222407,222410,26.1417127295703,1.10344193576251,8587,8590,1536.35488478534,1536.35905145015,0.004166664810327,
80,3,29928567,0.006230592727661,124281,124284,1.84861920665608,0.112884759347362,9101,9104,1400.07313374291,1400.07730040483,0.004166661920181,
396,12,142052876,0.006882429122925,296109,296112,1.9990801550933,0.240649036111774,9595,9598,1638.71888945152,1638.72305611316,0.004166661640284,
178,5,77959225,0.045595049858093,167757,167760,15.281361283265,1.8460999669739,14711,14714,1460.45464797145,1460.45881462475,0.00416665329999,
84,3,29928567,0.008065938949585,125080,125083,1.77480104534631,0.116465297350109,9873,9876,1401.18285343389,1401.1870200865,0.004166652609683,
31,2,34014829,0.495782494544983,104875,104878,114.159410479947,5.77475456698895,12442,12445,1373.12052621656,1373.12469286218,0.004166645619989,
184,5,142052876,0.008593678474426,155264,155267,2.51548288656042,0.297240634098485,3353,3356,1443.09892442282,1443.10309106576,0.004166642939936,
420,12,388857263,0.003002047538757,290308,290311,0.924133483431667,0.106107649972505,3914,3917,1630.66501058182,1630.66917722343,0.004166641610027,
185,5,142052876,0.019684314727783,159470,159473,5.96682696467925,0.496921930134417,7543,7546,1448.94055877696,1448.94472541805,0.004166641090251,
458,13,142052876,0.023081302642822,319135,319138,6.30372249283572,0.290669363806481,11249,11252,1670.69935315501,1670.70351979464,0.00416663962983,
27,2,29780677,0.036525011062622,106547,106550,12.420020039522,1.07865841526442,14085,14088,1375.43830993186,1375.44247657131,0.00416663944975,
460,13,142052876,0.020694017410278,322124,322127,6.16886057682528,0.417587426733857,14202,14205,1674.85071255115,1674.85487918507,0.004166633920022,
54,3,29780677,0.083687424659729,115055,115058,22.2578274406559,1.24451685916406,936,939,1387.25487320525,1387.25903983416,0.00416662891007,
89,3,29928567,0.020222187042236,127967,127970,3.60805632006612,0.105022477926081,12701,12704,1405.19254804084,1405.19671466504,0.004166624199797,
304,9,167894019,0.028314709663391,244259,244262,8.49623318335495,0.613782132671115,13632,13635,1566.7047273465,1566.70889396931,0.004166622810089,
452,12,395130640,0.027995824813843,304178,304181,6.89291130506755,0.604692340993436,16866,16869,1649.92699379126,1649.93116040982,0.004166618560021,
127,4,142052876,0.023566603660584,136649,136652,5.55333376392789,0.37598719965848,4483,4486,1417.24502873752,1417.2491953523,0.004166614780388,
124,4,142052876,0.017360925674439,136014,136017,5.11909285885295,0.441037200045323,3880,3883,1416.36309529313,1416.36726190773,0.004166614599853,
105,3,180724005,0.201393842697144,116506,116509,49.2208882275922,3.12529003885193,2360,2363,1389.27372686217,1389.27789347613,0.004166613960251,
219,6,29780677,0.041195392608643,181349,181352,14.4873764849712,1.80949355606443,6901,6904,1479.32845686431,1479.33262347758,0.004166613269945,
193,5,170675902,0.0732501745224,164228,164231,19.958322544642,1.40105819499204,11189,11192,1455.55330917996,1455.55747578949,0.004166609530103,
354,10,272349442,0.016661643981934,261512,261515,4.46347611802172,0.369062872924925,11764,11767,1590.66945835021,1590.67362495806,0.004166607850038,
235,6,220429097,0.161973357200623,175273,175276,32.5523031526663,2.42186640062934,1877,1880,1470.89091885688,1470.89508546298,0.004166606099716,
218,6,29780677,0.043530702590942,175592,175595,13.0185507324223,1.50178649944375,2196,2199,1471.33274508834,1471.33691169392,0.00416660557994,
101,3,142052876,0.031023621559143,126966,126969,6.77872056758342,0.37952363370081,11727,11730,1403.79661706015,1403.80078366451,0.004166604359853,
237,6,220429097,0.0685293674469,182223,182226,21.308112982596,2.44799413360447,7775,7778,1480.54353770616,1480.54770430865,0.004166602489931,
407,12,277539431,0.029582977294922,294877,294880,9.72861516718989,1.2251443220917,8422,8425,1637.00894857393,1637.0131151762,0.004166602270061,
168,4,420001446,0.0367192029953,143992,143995,8.63159813169221,0.488830012741108,8348,8351,1427.44992703304,1427.45409363396,0.004166600919689,
238,6,220429097,0.084169387817383,183833,183836,22.4557546188488,2.21441328353551,9378,9381,1482.77961307682,1482.78377967454,0.004166597719859,
10,1,142052876,0.020140051841736,88090,88093,4.99699366007676,0.21290572672724,15704,15707,1349.8031179338,1349.80728453099,0.004166597190078,
175,5,29780677,0.036750078201294,168087,168090,9.12131804292072,0.81921025594201,15034,15037,1460.90930031609,1460.91346691314,0.004166597049789,
34,2,142052876,0.0177983045578,96680,96683,4.83833747375902,0.308478633319539,5389,5392,1361.73346718634,1361.73763378284,0.004166596499999,
11,1,142052876,0.01489007472992,88363,88366,3.972534602485,0.295044507892073,15977,15980,1350.18227822979,1350.18644482588,0.004166596090045,
95,3,142052876,0.030162692070007,118050,118053,5.68364046286947,0.330769597116472,3870,3873,1391.41349224594,1391.41765884197,0.004166596029791,
336,10,44984200,0.064049005508423,262377,262380,14.2477794787372,0.629658447010067,12629,12632,1591.86948959613,1591.87365619164,0.004166595510014,
96,3,142052876,0.016570210456848,118491,118494,4.74435293644367,0.308190130408312,4305,4308,1392.02598179951,1392.03014839466,0.004166595150082,
409,12,277539431,0.125064492225647,298335,298338,34.7678323572365,1.49924188285695,11054,11057,1641.8116379453,1641.81580453941,0.004166594110075,
169,4,420001446,0.059622049331665,144464,144467,11.4117354237491,0.521867296313338,8806,8809,1428.10547167225,1428.10963826619,0.004166593939999,
411,12,277539431,0.036715865135193,298662,298665,12.6667711636202,1.57247991719298,11381,11384,1642.26579668325,1642.2699632769,0.00416659364987,
139,4,278199738,0.0523442029953,140516,140519,16.998215592359,1.86005120858943,6090,6093,1422.61541430014,1422.61958089104,0.004166590899786,
97,3,142052876,0.013902544975281,119838,119841,4.01401298062084,0.360924521344151,5609,5612,1393.89678206488,1393.900948655,0.004166590120121,
146,4,293561794,0.058904051780701,140520,140523,15.711287548802,1.18312669275428,6094,6097,1422.62768107212,1422.6318476614,0.004166589279976,
39,2,142052876,0.015332341194153,109772,109775,4.99828257280604,0.466937364963549,17211,17214,1379.91647344081,1379.9206400273,0.004166586490101,
114,4,29780677,0.095524430274963,150497,150500,27.3819732767143,2.07948822359198,14813,14816,1436.47915986724,1436.48332645264,0.004166585400071,
276,8,220429097,0.086419463157654,215643,215646,26.3606990164758,1.9594153019298,6365,6368,1526.95928125824,1526.96344783768,0.004166579439925,
13,1,142052876,0.01500928401947,90482,90485,3.89791837675487,0.396285653147543,18066,18069,1353.12527869553,1353.12944527418,0.004166578650029,
241,6,388903843,0.000222682952881,184105,184108,0.067919119685586,0.006278211138081,9650,9653,1483.16146713426,1483.16563370491,0.004166570650114,
368,11,248223026,0.071062326431275,280734,280737,15.0943424840678,0.739508155577488,9109,9112,1617.36822004595,1617.37238660608,0.004166560129988,
170,4,420001446,0.038268327713013,147741,147744,9.87399731268172,0.645373441417349,12070,12073,1432.65675870478,1432.6609252596,0.004166554819903,
223,6,77959225,0.039469957351685,186537,186540,11.0872859268968,1.11552674998302,12075,12078,1486.53759516859,1486.5417617141,0.004166545509861,
207,5,332623751,0.016996145248413,168489,168492,5.71172658603973,0.232167739201194,15436,15439,1461.47247506334,1461.47664160093,0.004166537589981,
198,5,279482950,0.065936088562012,167351,167354,22.6392596978627,2.56839910297883,14305,14308,1459.89177770347,1459.89594422523,0.004166521760226,
,Campaign,TIC,ampl_rec,cstart,cstop,ed_rec,ed_rec_err,istart,istop,tstart,tstop,,
