Campaign,TIC,ampl_rec,cstart,cstop,ed_rec,ed_rec_err,istart,istop,total_n_valid_data_points,tstart,tstop
1,29780677,,,,,,,,,,
1,142052876,0.011507868766784668,70477.0,70481.0,4.719677328772066,0.40266111457246456,32.0,36.0,,1325.3409697787772,1325.3465252561846
1,142052876,0.015208482742309569,74161.0,74165.0,5.86595131998083,0.4085905892228608,3579.0,3583.0,,1330.4575779634656,1330.4631334610092
1,142052876,0.0223543643951416,76823.0,76831.0,13.05703943366631,0.5512640488356454,6163.0,6171.0,,1334.1547551608842,1334.1658660919668
1,142052876,0.0151747465133667,77661.0,77684.0,35.20781103072163,1.9475700231898088,6968.0,6975.0,,1335.3186248066502,1335.3505687108752
1,142052876,0.0925055742263794,77718.0,77733.0,45.557298468298036,0.6252320251847883,7009.0,7023.0,,1335.3977901332096,1335.4186231131641
1,142052876,0.015404105186462402,78410.0,78413.0,4.446623115299071,0.3358094288276565,7697.0,7700.0,,1336.358884590056,1336.3630511827876
1,142052876,0.01055145263671875,79157.0,79164.0,8.147974019856855,0.5327553452683528,8437.0,8444.0,,1337.3963681710713,1337.4060902340034
1,167894019,0.25126421451568604,74599.0,74609.0,86.03016781628153,1.3129480142468668,4017.0,4027.0,,1331.0643664847944,1331.078255338203
1,220429097,0.2034108638763428,76760.0,76764.0,60.24895583141613,2.7502590348121947,6100.0,6104.0,,1334.0666512816688,1334.072206925965
1,220429097,0.06170594692230225,77383.0,77388.0,34.28660373071834,3.2536818657384083,6716.0,6721.0,,1334.9319427120336,1334.938887264609
1,234307350,,,,,,,,,,
1,259901346,,,,,,,,,,
1,280801342,,,,,,,,,,
1,303978478,,,,,,,,,,
1,358108509,0.14402306079864502,71679.0,71690.0,138.8236551556596,6.209565763151343,1229.0,1240.0,,1327.0112032152401,1327.0264809660596
1,389051009,0.23801493644714355,75376.0,75394.0,178.75377520877743,3.4556860389879196,4765.0,4783.0,,1332.1482598835735,1332.1732598403378
1,401984769,,,,,,,,,,
2,7150628,,,,,,,,,,
2,29780677,,,,,,,,,,
2,34014829,,,,,,,,,,
2,77041175,,,,,,,,,,
2,142052876,0.04141926765441895,93517.0,93529.0,25.75491807307576,0.6151431620194633,2294.0,2306.0,,1357.3404832488204,1357.3571496494953
2,142052876,0.06036460399627685,96203.0,96220.0,47.77020591363778,0.7883453916351765,4945.0,4961.0,,1361.0709782750855,1361.0945889932825
2,142052876,0.21092450618743894,96696.0,96712.0,92.3439246786982,0.5280215136285267,5405.0,5421.0,,1361.7556890342114,1361.7779108819047
2,142052876,0.24111926555633545,98561.0,98582.0,135.64635998878222,0.6718380031462735,7238.0,7259.0,,1364.3459217939994,1364.3750879340698
2,167894019,0.28657376766204834,92802.0,92830.0,174.4886240655016,1.9461220516912048,1594.0,1622.0,,1356.3462388876478,1356.3851278942434
2,167894019,0.08596193790435791,99466.0,99473.0,38.90575500784791,1.4993322126128388,8137.0,8144.0,,1365.6018188786431,1365.6115411094247
2,180724005,0.88291335105896,99179.0,99189.0,382.4837383598037,3.9460308414590863,7854.0,7864.0,,1365.2083565347145,1365.222245687022
2,220429097,,,,,,,,,,
2,234307350,,,,,,,,,,
2,259901346,,,,,,,,,,
2,270218775,,,,,,,,,,
2,281668854,,,,,,,,,,
2,303978478,,,,,,,,,,
2,304392811,,,,,,,,,,
2,340703996,0.0130995512008667,91276.0,91279.0,4.2513592468278585,0.4731631506515554,84.0,87.0,,1354.2324310588215,1354.236597873479
2,340703996,0.0291670560836792,94166.0,94173.0,14.629978394151433,0.6851677293296758,2936.0,2943.0,,1358.2464421671975,1358.2561646519976
2,340703996,0.5085262060165405,97099.0,97115.0,131.83711516666634,0.610936413579567,5808.0,5824.0,,1362.3201520571995,1362.3423747605893
2,340703996,0.07793498039245605,100436.0,100439.0,16.673527304133273,0.43916633743567696,9080.0,9083.0,,1366.9549651899154,1366.9591319356539
2,358108509,,,,,,,,,,
2,401984769,,,,,,,,,,
3,29780677,0.07803833484649657,115055.0,115058.0,20.251109820030244,1.4003784154068797,936.0,939.0,,1387.254873205248,1387.2590398341638
3,29928567,0.010848164558410645,114310.0,114317.0,3.6545277352462975,0.12016469097849787,195.0,202.0,,1386.224384280053,1386.2341066926786
3,29928567,0.01206827163696289,114429.0,114438.0,5.405291512764668,0.13528673489079235,313.0,322.0,,1386.3896652657822,1386.4021655062588
3,29928567,0.0038237571716308594,115105.0,115108.0,1.0504428910662362,0.09078731133058678,984.0,987.0,,1387.3285714041174,1387.3327381433373
3,29928567,0.05786550045013428,115182.0,115190.0,16.46880609429471,0.108822311881585,1059.0,1067.0,,1387.4355177115415,1387.4466290150415
3,29928567,0.003449201583862305,115532.0,115535.0,1.0896815053741111,0.09223099009031628,1394.0,1397.0,,1387.921637037936,1387.9258037734307
3,29928567,0.009839773178100586,115689.0,115698.0,3.613344290390652,0.13253440623223764,1550.0,1559.0,,1388.1396961461373,1388.152196347499
3,29928567,0.02288675308227539,115775.0,115779.0,5.0365960834048185,0.08598380183190636,1636.0,1640.0,,1388.2591425021878,1388.264698146255
3,29928567,0.02636444568634033,115917.0,115921.0,4.75211839674928,0.07787691259314121,1778.0,1782.0,,1388.4563678281424,1388.4619234698807
3,29928567,0.05882930755615234,116127.0,116147.0,26.237305164119235,0.15692202190485527,1986.0,2006.0,,1388.7480389658624,1388.775817161982
3,29928567,0.02105700969696045,116247.0,116251.0,4.2271955375116725,0.08410993797992122,2105.0,2109.0,,1388.914708123955,1388.9202637619671
3,29928567,0.002864241600036621,116384.0,116388.0,1.1650683617874584,0.10564740525170184,2242.0,2246.0,,1389.1049886909827,1389.1105443271335
3,29928567,0.005009651184082031,116640.0,116643.0,1.1212219985682594,0.0862741866466674,2492.0,2495.0,,1389.4605493017093,1389.4647160264942
3,29928567,0.028087496757507324,116792.0,116804.0,12.56602617692582,0.13393024353628413,2642.0,2654.0,,1389.6716633194349,1389.6883302125207
3,29928567,0.02016592025756836,117391.0,117394.0,3.5831887938793567,0.07471686397771317,3216.0,3219.0,,1390.503618541245,1390.5077852590439
3,29928567,0.007061481475830078,118211.0,118214.0,1.3882118908967875,0.08020771638000976,4030.0,4033.0,,1391.6425205155454,1391.6466872268259
3,29928567,0.003132343292236328,119023.0,119026.0,1.029892087162848,0.09246901749822,4799.0,4802.0,,1392.7703095276684,1392.7744762333616
3,29928567,0.07465755939483643,119177.0,119186.0,19.30336868498909,0.10486120453619184,4953.0,4962.0,,1392.9842003785998,1392.996700491953
3,29928567,0.002997756004333496,119581.0,119588.0,2.062071345658285,0.14221037719103832,5356.0,5363.0,,1393.5453164293313,1393.5550387348533
3,29928567,0.01598203182220459,119675.0,119679.0,3.2883591919563564,0.08272358568853319,5448.0,5452.0,,1393.6758730984252,1393.6814287015134
3,29928567,0.003670215606689453,119917.0,119922.0,1.6468757650923482,0.1289353064943564,5687.0,5691.0,,1394.0119870333756,1394.0189315357236
3,29928567,0.003319501876831055,120381.0,120385.0,1.3748905316025457,0.117472715263504,6148.0,6152.0,,1394.65643684406,1394.6619924466834
3,29928567,0.003953456878662109,120581.0,120585.0,1.5444937887990289,0.1146280443286375,6336.0,6340.0,,1394.9342169989663,1394.939772602987
3,29928567,0.04309344291687012,120802.0,120806.0,7.335744612624705,0.07939492722380265,6549.0,6553.0,,1395.241164193838,1395.2467198006527
3,29928567,0.009867310523986816,121938.0,121945.0,4.2415729641608575,0.1282601399440799,6808.0,6815.0,,1396.818957536278,1396.8286798385407
3,29928567,0.014440655708312988,122266.0,122273.0,7.17124253417904,0.12666343170543626,7134.0,7141.0,,1397.2745164200626,1397.2842387041644
3,29928567,0.002330899238586425,122373.0,122376.0,0.7863997117010939,0.09334555398350966,7240.0,7243.0,,1397.4231284391249,1397.4272951303824
3,29928567,0.009341120719909668,122537.0,122540.0,2.328612480373049,0.08407206809928656,7404.0,7407.0,,1397.6509074533096,1397.655074140841
3,29928567,0.003260970115661621,122933.0,122936.0,0.9786018713701649,0.09182979697931827,7796.0,7799.0,,1398.2009097348775,1398.205076415425
3,29928567,0.01610434055328369,123094.0,123099.0,4.873336707239927,0.10282744217101893,7957.0,7962.0,,1398.4245215167057,1398.4314659799381
3,29928567,0.003770589828491211,123314.0,123317.0,0.9931488026037556,0.09038513307002898,8159.0,8162.0,,1398.7300777704004,1398.734244444894
3,29928567,0.005074977874755859,123550.0,123553.0,1.1890565420136632,0.08580325230728703,8392.0,8395.0,,1399.0578560341198,1399.0620227048887
3,29928567,0.010155797004699707,123907.0,123910.0,2.0149469413086507,0.07970221676252512,8749.0,8752.0,,1399.553689618509,1399.557856285086
3,29928567,0.005267858505249024,124281.0,124284.0,1.5052396226018026,0.09060894090455997,9120.0,9123.0,,1400.0731337429138,1400.077300404835
3,29928567,0.0037478208541870117,124350.0,124356.0,2.1383828636469806,0.1281108011823562,9187.0,9193.0,,1400.1689669549805,1400.1773002769598
3,29928567,0.029885172843933105,124385.0,124399.0,20.4431227470033,0.17430739541565807,9222.0,9236.0,,1400.217577997372,1400.237022412839
3,29928567,0.003925204277038574,124665.0,124669.0,1.5140356229423997,0.1067915632514752,9501.0,9505.0,,1400.6064661637447,1400.6120217067632
3,29928567,0.009597539901733398,124934.0,124938.0,2.8746757642335052,0.09978060863777367,9745.0,9749.0,,1400.980076298573,1400.9856318374011
3,29928567,0.007012367248535156,125080.0,125083.0,1.3695671230447033,0.08010291419061333,9891.0,9894.0,,1401.1828534338877,1401.187020086495
3,29928567,0.0116807222366333,125386.0,125391.0,3.324824040951162,0.10048593019455493,10196.0,10201.0,,1401.6078518359327,1401.6147962516668
3,29928567,0.013366460800170898,125556.0,125560.0,3.2908908027986334,0.09449688012675042,10365.0,10369.0,,1401.8439619155038,1401.8495174454838
3,29928567,0.007866263389587402,126026.0,126029.0,1.677064626404995,0.08231839565570434,10828.0,10831.0,,1402.496736317048,1402.5009029594107
3,29928567,0.003025531768798828,126443.0,126446.0,0.981853579939692,0.09260422602230138,11229.0,11232.0,,1403.0758993610184,1403.0800659996576
3,29928567,0.016904711723327637,127565.0,127570.0,4.396907933940397,0.09645212920105532,12333.0,12338.0,,1404.6342201495481,1404.6411645294272
3,29928567,0.0038417577743530273,127616.0,127634.0,4.9898774126456376,0.3759261334236143,12383.0,12388.0,,1404.705052819192,1404.730052583498
3,29928567,0.03507387638092041,127794.0,127801.0,8.391355551876542,0.0972796021655543,12547.0,12554.0,,1404.9522726641912,1404.961994790899
3,29928567,0.01925802230834961,127967.0,127970.0,3.2704018328641737,0.07305367823926959,12719.0,12722.0,,1405.1925480408356,1405.1967146650381
3,29928567,0.008533358573913574,128175.0,128178.0,1.8994558437849969,0.08408842939345329,12927.0,12930.0,,1405.481433927157,1405.4856005494967
3,38314290,,,,,,,,,,
3,70555405,,,,,,,,,,
3,77111651,,,,,,,,,,
3,140478472,0.06474900245666504,119271.0,119275.0,17.802561957034925,0.9763233960801824,5047.0,5051.0,,1393.114098642636,1393.119654154456
3,142052876,0.015094041824340819,118491.0,118494.0,4.241765660805683,0.3734019416527981,4305.0,4308.0,,1392.0259817995059,1392.0301483946619
3,142052876,0.014454960823059082,119838.0,119841.0,4.203323391294457,0.3868324490413517,5609.0,5612.0,,1393.8967820648795,1393.9009486550005
3,142052876,0.020707368850708008,120344.0,120348.0,7.7484880749184875,0.5359698818210646,6112.0,6116.0,,1394.5995466476943,1394.6051020963293
3,142052876,2.2134244441986084,120942.0,120949.0,1853.5943631727087,0.0,6675.0,6682.0,,1395.430085674136,1395.4398076965936
3,167894019,0.11742508411407472,118408.0,118413.0,29.6084324419885,0.8910296450800017,4223.0,4228.0,,1391.9103233533222,1391.9172678595694
3,180724005,0.19845294952392573,116506.0,116510.0,55.21682983084274,2.5917990300905283,2360.0,2364.0,,1389.273726862175,1389.2792823474515
3,180724005,0.06735312938690187,119468.0,119471.0,22.26764474995491,2.4486465694741915,5243.0,5246.0,,1393.387553634761,1393.391720229626
3,180724005,0.09526002407073976,120254.0,120257.0,25.73435832590035,2.880440542498305,6023.0,6026.0,,1394.4792011150635,1394.4833677076003
3,180724005,0.0891268253326416,120371.0,120374.0,26.681396924460092,3.2378008126604634,6138.0,6141.0,,1394.6416982221426,1394.645864814679
3,180724005,0.09984934329986572,120380.0,120383.0,29.42030465987402,3.260717718179667,6147.0,6150.0,,1394.6541979992871,1394.658364591823
3,180724005,0.11937499046325685,120396.0,120423.0,280.58279424485784,10.461922544836332,6162.0,6187.0,,1394.6764198258402,1394.7139191582073
3,180724005,0.3963613510131836,120429.0,120949.0,14898.372473673033,57.130379398110044,6191.0,6682.0,,1394.7222523432818,1395.4444618021923
3,220429097,,,,,,,,,,
3,248350761,,,,,,,,,,
3,308243298,,,,,,,,,,
3,344297533,,,,,,,,,,
3,369555560,,,,,,,,,,
4,29780677,0.08742189407348633,133574.0,133584.0,68.68183459971895,2.8915852909712547,1471.0,1481.0,,1412.9753756321231,1412.9892643278529
4,35858101,,,,,,,,,,
4,44892011,0.164811372756958,132298.0,132304.0,115.22341415398488,2.5621779692638134,203.0,209.0,,1411.2061460473478,1411.2144796708415
4,44892011,0.16516244411468506,132319.0,132322.0,54.5962111332856,1.8057674826188301,224.0,227.0,,1411.2353137289974,1411.2394805406284
4,44892011,0.16651582717895508,132350.0,132356.0,111.06504336875177,2.5567529839223067,255.0,261.0,,1411.2783707799563,1411.2867044022873
4,44892011,0.17138206958770752,132383.0,132407.0,453.29848862954736,5.110752438260307,288.0,312.0,,1411.3242057011448,1411.3575401865094
4,44892011,0.16980648040771484,132413.0,132452.0,671.9077218771721,6.267716062725662,318.0,357.0,,1411.3658738074425,1411.4200423404845
4,44892011,0.09580409526824953,136814.0,136821.0,62.12261311505559,2.733471353828347,4645.0,4652.0,,1417.4785479460395,1417.4882703931241
4,121024099,,,,,,,,,,
4,141306513,0.2043066024780273,134304.0,134309.0,66.45095562974778,2.4459343860301948,2175.0,2180.0,,1413.9939587220351,1414.0009032825906
4,142052876,0.03316044807434082,133576.0,133587.0,22.68073146776496,0.6548021681343821,1473.0,1484.0,,1412.9770273690576,1412.9923049449555
4,142052876,0.031321048736572266,133672.0,133676.0,8.807428861552808,0.3938245027125253,1569.0,1573.0,,1413.1103589441711,1413.115914426653
4,142052876,0.017368435859680176,136013.0,136017.0,6.059628107851509,0.4058682430820468,3879.0,3883.0,,1416.3617064215814,1416.3672619077315
4,142052876,0.012548446655273438,136140.0,136146.0,7.803943493761222,0.514449199738512,4006.0,4012.0,,1416.5380931073637,1416.5464263366748
4,142052876,0.01340782642364502,136270.0,136280.0,12.150927607359028,0.6621625351368858,4136.0,4146.0,,1416.718646409721,1416.732535125359
4,142052876,0.022358536720275882,136649.0,136652.0,5.080212291182476,0.3407200446715926,4483.0,4486.0,,1417.2450287375243,1417.2491953522974
4,142944290,,,,,,,,,,
4,143029977,,,,,,,,,,
4,167894019,0.02139592170715332,143700.0,143703.0,7.068560154727585,0.8132598029461808,8583.0,8586.0,,1427.0385264884774,1427.0426932240307
4,170675902,0.13426876068115234,132229.0,132233.0,56.78880374588302,2.2629026910203605,3.0,7.0,,1411.1098623906335,1411.115418139476
4,278199738,,,,,,,,,,
4,279482950,0.13736510276794436,132326.0,132334.0,108.82201525897972,4.746697902751746,2.0,10.0,,1411.2458612715848,1411.2569728284068
4,279482950,0.3040618896484375,132727.0,132734.0,102.48022246762423,3.7307401190256804,403.0,410.0,,1411.8028276086611,1411.8125502047574
4,279482950,0.9591550827026368,134408.0,134415.0,279.58025480940336,3.366969097901777,2048.0,2055.0,,1414.137632417345,1414.1473549566288
4,279482950,1.5568194389343262,136554.0,136570.0,399.9283340539982,3.7694530519457565,4167.0,4180.0,,1417.1182759309604,1417.1404987433225
4,293561794,0.0902409553527832,132318.0,132333.0,98.98635313344532,2.66049148345779,1.0,16.0,,1411.236137369289,1411.25697077901
4,293561794,0.07288932800292969,132341.0,132354.0,85.40540377474035,2.6252674472748945,24.0,37.0,,1411.2680819297739,1411.286137548894
4,293561794,0.07723736763000487,132359.0,132363.0,32.403885830390465,1.5595292951787243,42.0,46.0,,1411.2930820172494,1411.2986375919336
4,293561794,0.08440029621124268,132367.0,132375.0,54.60051967289837,1.8812725543702888,50.0,58.0,,1411.3041931661514,1411.3153043145878
4,293561794,0.08831596374511719,132385.0,132388.0,28.655382560652214,1.3570873255829892,68.0,71.0,,1411.329193249436,1411.3333599295172
4,293561794,0.0860675573348999,132392.0,132395.0,26.447896066534394,1.3528020999794332,75.0,78.0,,1411.3389155028042,1411.3430821828867
4,293561794,0.2345583438873291,135675.0,135680.0,53.04468908708714,1.3654118555940529,3319.0,3324.0,,1415.898618822386,1415.9055631990063
4,293561794,0.08459854125976562,135692.0,135696.0,22.772477095725908,1.4250095098436086,3336.0,3340.0,,1415.9222297032666,1415.927785204842
4,293561794,0.037773847579956055,143700.0,143703.0,11.803005031546506,1.3488279676923451,8180.0,8183.0,,1427.0442596383277,1427.0484261931458
4,293561794,0.04236268997192383,148968.0,148972.0,18.23872034944214,1.8240720269489792,13305.0,13308.0,,1434.3606740722587,1434.3662294010742
4,308243298,0.07968556880950928,132099.0,132102.0,24.643421865760125,2.9499774804172763,16.0,19.0,,1410.9298905509852,1410.9340572371195
4,328254412,0.2168024778366089,133333.0,133336.0,46.40809817806509,2.677008883234389,1230.0,1233.0,,1412.6455014721125,1412.6496682518455
4,328254412,0.07917475700378418,133497.0,133504.0,54.84495686977293,4.4318693402214135,1394.0,1401.0,,1412.8732853575982,1412.8830078368114
4,328254412,0.09676635265350343,133510.0,133524.0,117.8614633590305,6.215843071023081,1407.0,1421.0,,1412.8913413902253,1412.9107863477225
4,328254412,0.09263479709625244,133534.0,133563.0,233.4868199676176,8.99099238839624,1431.0,1460.0,,1412.9246756024795,1412.9649544381546
4,328254412,0.09499239921569824,136253.0,136257.0,38.88597573545199,3.3664046607407747,4119.0,4123.0,,1416.7011457697158,1416.7067014207694
4,328254412,0.350369930267334,137225.0,137250.0,366.7152758986528,7.62878885257597,5056.0,5081.0,,1418.0511671282254,1418.0858898509125
4,328254412,218.7764129638672,140941.0,140967.0,308278.736668047,0.0,6744.0,6769.0,,1423.2123311733935,1423.2484426453977
4,328401671,,,,,,,,,,
4,365369408,,,,,,,,,,
4,406479664,,,,,,,,,,
4,420001446,0.023610949516296387,133665.0,133669.0,8.932480574628851,0.7614135859286296,1562.0,1566.0,,1413.1069238757386,1413.1124794816214
4,420001446,0.01968479156494141,135484.0,135487.0,6.3343373597871775,0.6739317816239021,3350.0,3353.0,,1415.6333274889816,1415.6374941676654
4,441519239,0.0929189920425415,132482.0,132485.0,30.069250168946795,3.3029383900987543,387.0,390.0,,1411.4629809340374,1411.4671477077163
5,29780677,4.821006774902344,160365.0,160374.0,5102.054712725797,0.0,8745.0,8754.0,,1450.1844780773847,1450.1969778280911
5,44892011,0.10215353965759276,151587.0,151600.0,99.98291529757351,5.1751622485793485,1.0,14.0,,1437.9968454678292,1438.0149011069748
5,44892011,0.09002196788787843,151604.0,151615.0,78.36065035324586,4.623166876026059,18.0,29.0,,1438.0204566884122,1438.035734537188
5,44892011,0.06506264209747313,160301.0,160304.0,18.755876011544427,2.1999373509631166,8682.0,8685.0,,1450.0995405835642,1450.1037071795947
5,44892011,5.7925705909729,160319.0,160374.0,7086.315104447806,0.0,8700.0,8754.0,,1450.1245401599804,1450.2009277575219
5,77842052,15.292488098144533,160364.0,160374.0,17551.981884380995,0.0,8744.0,8754.0,,1450.1866115454266,1450.2005004751545
5,77959225,3.7637724876403813,160368.0,160374.0,2665.137933024926,0.0,8748.0,8754.0,,1450.1920988426475,1450.2004322153855
5,117733072,12.605292320251465,160366.0,160374.0,11811.006120763059,0.0,8746.0,8754.0,,1450.1906488274374,1450.2017598808814
5,117733581,0.13613951206207275,154815.0,154824.0,67.43819087327361,2.1997687325659245,3219.0,3228.0,,1442.4808091105742,1442.4933092197389
5,117733581,0.22236967086791992,158786.0,158790.0,68.22735430782674,1.464296203711036,7174.0,7178.0,,1447.9961038217316,1448.0016593633545
5,117733581,0.06296515464782715,158956.0,158959.0,19.393356153364294,1.3771000628459973,7344.0,7347.0,,1448.2322142785442,1448.2363809325489
5,117733581,2.0822858810424805,160366.0,160374.0,1950.0904458817513,0.0,8746.0,8754.0,,1450.1905382100645,1450.2016492569887
5,142052876,0.029630064964294437,152009.0,152012.0,7.627264027219995,0.4815759756685502,401.0,404.0,,1438.5781208070373,1438.5822874377589
5,142052876,0.018122076988220208,159470.0,159473.0,5.417542541641011,0.4959283875910829,7836.0,7839.0,,1448.9405587769638,1448.9447254180473
5,142052876,1.2036442756652832,160365.0,160374.0,1274.4560056535827,0.0,8723.0,8732.0,,1450.1836057502387,1450.1961056495065
5,167894019,0.2043495178222656,154531.0,154537.0,67.13787289456704,2.840396989441666,2935.0,2941.0,,1442.0818089405213,1442.0901424149813
5,167894019,3.874658584594727,160367.0,160374.0,3144.8314813806205,0.0,8747.0,8754.0,,1450.1874859295224,1450.1972082533905
5,170675902,6.460068225860598,160364.0,160374.0,7413.693415815981,0.0,8744.0,8754.0,,1450.1866952899054,1450.2005840072916
5,220429097,5.5171236991882315,160346.0,160374.0,4191.951505261347,0.0,8525.0,8552.0,,1450.1592241218088,1450.1981125143325
5,279482950,0.4308608770370483,159134.0,159139.0,135.94042224986867,4.231915082048826,7522.0,7527.0,,1448.4795559578185,1448.4865002641245
5,279482950,5.820641040802003,160366.0,160374.0,5474.83352015106,0.0,8746.0,8754.0,,1450.1906310442987,1450.2017419179972
5,284678097,10.7128324508667,160366.0,160374.0,10017.365330816176,0.0,8634.0,8642.0,,1450.1915402084726,1450.2026513108106
5,298907057,0.17199194431304932,152060.0,152064.0,40.797840134129636,2.037903458722772,474.0,478.0,,1438.6548294873915,1438.6603851864081
5,298907057,0.42196154594421387,154621.0,154643.0,378.8622033205268,4.575353715414719,3025.0,3047.0,,1442.211846745107,1442.242402781197
5,298907057,1.1987781524658203,157525.0,157534.0,238.3651271286685,2.064787100536736,5920.0,5929.0,,1446.2452251744926,1446.2577252580468
5,298907057,0.3162860870361328,158170.0,158175.0,74.45964886681071,2.114461668399204,6558.0,6563.0,,1447.1410636441449,1447.1480081213488
5,298907057,5.126532077789307,160364.0,160374.0,5798.652130032898,0.0,8744.0,8754.0,,1450.188290763474,1450.2021796475672
5,298907057,0.4833089113235474,161384.0,161411.0,786.6773290507725,15.618381427614056,8757.0,8762.0,,1451.6049629121198,1451.6424631613845
5,332623751,3.2914838790893555,160366.0,160374.0,3089.4252034168394,0.0,8746.0,8754.0,,1450.1907500431091,1450.2018609936413
5,396862832,0.3418298959732056,159302.0,159309.0,94.81182372112929,1.5122521909233306,7690.0,7697.0,,1448.713744250242,1448.723466391388
5,396862832,2.784360408782959,160366.0,160374.0,2607.758170607605,0.0,8746.0,8754.0,,1450.1915082865078,1450.2026192947822
5,401945077,9.9839506149292,160367.0,160374.0,8214.655778496079,0.0,8747.0,8754.0,,1450.1926575898515,1450.2023796290189
5,416744592,11.038836479187012,160366.0,160374.0,10322.873792916283,0.0,8746.0,8754.0,,1450.1914660747775,1450.202576948476
6,29780677,0.6299495697021484,174255.0,174266.0,332.9120743842088,4.1141603939546085,859.0,870.0,,1469.4758277756375,1469.4911053307285
6,29780677,0.12284612655639647,174752.0,174756.0,37.04871926999943,2.6504321570283613,1356.0,1360.0,,1470.1660954850538,1470.171650959506
6,53603145,,,,,,,,,,
6,77959225,,,,,,,,,,
6,130414729,,,,,,,,,,
6,142052876,0.01660168170928955,174761.0,174764.0,4.439003111147537,0.4075466077675959,1365.0,1368.0,,1470.1780169417236,1470.1821836192444
6,142052876,0.04847419261932373,178287.0,178292.0,16.747771025136863,0.5010942750395067,4864.0,4869.0,,1475.0752530292734,1475.08219749181
6,144776281,,,,,,,,,,
6,156735150,,,,,,,,,,
6,167894019,,,,,,,,,,
6,220146061,,,,,,,,,,
6,220429097,,,,,,,,,,
6,388903843,0.0019228458404541016,173408.0,173413.0,0.7471418870081195,0.0050515393667531685,1.0,6.0,,1468.304709844343,1468.3116542889509
6,388903843,0.0018219947814941406,173440.0,173452.0,1.0026454602728876,0.006317685346480826,33.0,45.0,,1468.3491542881568,1468.365820953074
6,388903843,0.00028061866760253906,173602.0,173605.0,0.059938396009741275,0.004078771200706712,188.0,191.0,,1468.5741542107517,1468.5783208750015
6,388903843,0.00022411346435546875,173692.0,173695.0,0.053415253489822234,0.004250910276593598,278.0,281.0,,1468.6991541159052,1468.7033207792235
6,388903843,0.00016021728515625,173862.0,173865.0,0.04559034010606311,0.0044201699417096285,448.0,451.0,,1468.9352649480552,1468.9394316090454
6,388903843,0.000186920166015625,173878.0,173883.0,0.07194031548640112,0.006042528142472386,464.0,468.0,,1468.9574871373661,1468.964431571263
6,388903843,0.00024259090423583984,174498.0,174502.0,0.08897749751351824,0.004970398041055548,1083.0,1087.0,,1469.818596099231,1469.8241516352664
6,388903843,0.00017058849334716797,175319.0,175323.0,0.06555994456773995,0.005076712948241581,1904.0,1908.0,,1470.9588684668838,1470.9644239889499
6,388903843,0.0001533031463623047,175582.0,175585.0,0.046019238789881456,0.004471982213109776,2167.0,2170.0,,1471.3241439038134,1471.3283105419873
6,388903843,0.00012660026550292971,175882.0,175885.0,0.03743619624867023,0.0044635445673105135,2454.0,2457.0,,1471.7408075418502,1471.744974176298
6,388903843,0.0001367330551147461,176069.0,176072.0,0.04344427327653655,0.0044968442031869576,2640.0,2643.0,,1472.00052768328,1472.0046943153998
6,388903843,0.0004029273986816406,176555.0,176558.0,0.09778880622947206,0.0042020188853236365,3123.0,3126.0,,1472.6755215800104,1472.6796882060764
6,388903843,0.0002471208572387696,176587.0,176591.0,0.07186818012548635,0.004813064284625642,3155.0,3159.0,,1472.7199655875006,1472.7255210876801
6,388903843,0.00017023086547851562,176788.0,176791.0,0.055374515885239006,0.004502066821065469,3356.0,3359.0,,1472.999129407261,1473.003296030067
6,388903843,0.00018703937530517567,176907.0,176911.0,0.0630562613674428,0.005030765136597326,3475.0,3479.0,,1473.1644054174615,1473.1699609125187
6,388903843,0.0002321004867553711,177128.0,177131.0,0.0615828019162219,0.0043785177875204214,3696.0,3699.0,,1473.4713464172785,1473.4755130354288
6,388903843,0.00024271011352539062,177301.0,177304.0,0.06936466573105804,0.00434132238681489,3869.0,3872.0,,1473.7116213497495,1473.7157879660367
6,388903843,0.00010955333709716796,177472.0,177475.0,0.03474668417457138,0.004490495401515336,4040.0,4043.0,,1473.9491184077995,1473.9532850217583
6,388903843,0.0001437664031982422,177963.0,177973.0,0.12824352613681533,0.01235735515325186,4531.0,4534.0,,1474.6310536795013,1474.6449423703452
6,388903843,0.00013077259063720703,178166.0,178169.0,0.04421645181018796,0.0044897377903305785,4725.0,4728.0,,1474.9129940106927,1474.9171606153382
6,388903843,0.00016105175018310547,178421.0,178425.0,0.06344218342175623,0.0051357490999152785,4979.0,4983.0,,1475.2671552388595,1475.272710706908
6,388903843,0.00013184547424316406,179078.0,179081.0,0.039395576312141856,0.004458099060561567,5636.0,5639.0,,1476.1796398043052,1476.183806395912
6,388903843,0.00017893314361572266,179201.0,179204.0,0.05577461893276592,0.004497192581276655,5759.0,5762.0,,1476.3504700238727,1476.3546366140827
6,388903843,0.0001360177993774414,179291.0,179294.0,0.04074020556374336,0.004469919435254982,5849.0,5852.0,,1476.4754677054948,1476.4796342943084
6,388903843,0.00014221668243408203,179389.0,179392.0,0.03985329536758897,0.004462896555026679,5947.0,5950.0,,1476.6115762570914,1476.6157428449728
6,388903843,0.00015974044799804688,180538.0,180541.0,0.04510355566137392,0.004799699435169404,6283.0,6286.0,,1478.2073850209765,1478.2115516442484
6,388903843,0.00021696090698242188,180660.0,180663.0,0.053085716085805146,0.004364058590218121,6405.0,6408.0,,1478.3768276814576,1478.3809943037982
6,388903843,0.00022518634796142578,180792.0,180795.0,0.05721981542776789,0.004246797335203715,6535.0,6538.0,,1478.5601590081042,1478.5643256281164
6,388903843,0.0001920461654663086,180888.0,180894.0,0.10861747149581367,0.006202409324654282,6627.0,6633.0,,1478.6934908210276,1478.7018240573263
6,388903843,0.00018894672393798828,180990.0,180997.0,0.09313947457072837,0.006228574893292782,6729.0,6736.0,,1478.8351558111106,1478.8448779159362
6,388903843,0.0001665353775024414,181399.0,181403.0,0.057477157354805186,0.005065221001690373,7138.0,7142.0,,1479.4032040103973,1479.408759489156
6,388903843,0.00023257732391357422,181467.0,181470.0,0.05633274908160324,0.0042550248382236975,7206.0,7209.0,,1479.4976471357986,1479.5018137437037
6,388903843,0.0001577138900756836,181653.0,181656.0,0.042399730579623096,0.0043724625022728645,7389.0,7392.0,,1479.7559767276675,1479.760143332313
6,388903843,0.00016736984252929688,181670.0,181673.0,0.049595089048944274,0.004425156114035195,7406.0,7409.0,,1479.7795874874805,1479.7837540916607
6,388903843,0.0001780986785888672,181733.0,181737.0,0.06703275305033429,0.005084847733162068,7469.0,7473.0,,1479.8670861710684,1479.8726416423779
6,388903843,0.00011932849884033203,181801.0,181804.0,0.03900944500640868,0.004489864896974202,7537.0,7540.0,,1479.9615291707419,1479.965695773059
6,388903843,0.00019502639770507807,182118.0,182121.0,0.0514832495606683,0.004355598173443796,7854.0,7857.0,,1480.4017998935965,1480.4059664907913
6,388903843,0.0001513957977294922,182414.0,182419.0,0.07375587223788392,0.005775542653426575,8150.0,8155.0,,1480.8129039606472,1480.8198482827859
6,388903843,0.00017976760864257812,182482.0,182485.0,0.044244926568104866,0.004287841351619968,8218.0,8221.0,,1480.9073467270237,1480.9115133190967
6,388903843,0.00020170211791992188,182506.0,182509.0,0.05305671480569174,0.0043331010188538644,8242.0,8245.0,,1480.9406794626748,1480.9448460542826
6,388903843,0.00023412704467773443,182516.0,182519.0,0.06934994696533181,0.0043578900965918965,8252.0,8255.0,,1480.9545681018315,1480.9587346934381
6,388903843,0.0002790689468383789,182808.0,182811.0,0.08037891090888928,0.004377788497091435,8537.0,8540.0,,1481.3601161564745,1481.3642827438907
6,388903843,0.00016486644744873047,182965.0,182968.0,0.05451573081114347,0.004490889258523918,8694.0,8697.0,,1481.5781675166222,1481.5823341021755
6,388903843,0.00021708011627197263,183070.0,183076.0,0.09883207700045916,0.006130672952391024,8799.0,8805.0,,1481.7239979821231,1481.7323311499704
6,388903843,0.0001443624496459961,183156.0,183159.0,0.04238520227351295,0.004440368346782548,8885.0,8888.0,,1481.843440040631,1481.8476066233911
6,388903843,0.00017333030700683594,183254.0,183257.0,0.043257779221633534,0.004314144246839513,8983.0,8986.0,,1481.9795483933906,1481.9837149747532
6,388903843,0.00022113323211669922,183289.0,183293.0,0.07694563454025173,0.0049727378774041976,9018.0,9022.0,,1482.0281585086655,1482.0337139501723
6,388903843,0.00021004676818847656,183415.0,183423.0,0.13898557954769153,0.0070513175550015105,9144.0,9152.0,,1482.2031548807224,1482.214265759079
6,388903843,0.000246882438659668,183827.0,183831.0,0.07827585205969179,0.004962673818317943,9556.0,9560.0,,1482.7753647598224,1482.7809201920154
6,388903843,0.00017070770263671875,183860.0,183863.0,0.04563229509894029,0.004368146586956416,9589.0,9592.0,,1482.8211970733194,1482.8253636467655
6,388903843,0.00013434886932373047,183897.0,183900.0,0.040511178588063856,0.004441848343535853,9626.0,9629.0,,1482.8725848129566,1482.8767513864025
6,388903843,0.00016748905181884766,184065.0,184068.0,0.05696166039312622,0.004500435615791863,9794.0,9797.0,,1483.1059128556326,1483.1100794267509
6,388903843,0.0001881122589111328,184166.0,184174.0,0.13227631850786634,0.0071699187365479155,9895.0,9903.0,,1483.246187395806,1483.2572982485508
6,388903843,0.0001863241195678711,184250.0,184253.0,0.052941986078698385,0.0044115734377488105,9979.0,9982.0,,1483.3628513372842,1483.3670179060737
6,388903843,0.0001360177993774414,184264.0,184267.0,0.0389805222622801,0.004428599161763625,9993.0,9996.0,,1483.3822953243484,1483.3864618931382
6,388903843,0.00022149085998535162,184282.0,184288.0,0.1261252183024819,0.006230145731697194,10011.0,10017.0,,1483.40729473569,1483.415627872338
6,388903843,0.0002396106719970703,184422.0,184425.0,0.06474339226824455,0.004343590279801807,10151.0,10154.0,,1483.6017345541784,1483.6059011206396
6,388903843,0.00017201900482177734,184469.0,184472.0,0.05317083276356627,0.0043893559408180296,10198.0,10201.0,,1483.6670107602108,1483.6711773266723
6,388903843,0.0001493692398071289,184539.0,184542.0,0.04252807509392298,0.004423569648129894,10268.0,10271.0,,1483.7642306252176,1483.7683971907475
6,388903843,0.00011801719665527344,184558.0,184561.0,0.03962420160538116,0.004507793560231756,10287.0,10290.0,,1483.7906188710904,1483.794785436155
6,388903843,0.00010406970977783204,184831.0,184834.0,0.03626254932339812,0.004506909900540602,10560.0,10563.0,,1484.1697761299006,1484.1739426912395
6,388903843,0.00012755393981933594,184921.0,184924.0,0.04314312549259114,0.004504197027510937,10650.0,10653.0,,1484.2947729612258,1484.2989395216337
6,388903843,0.00018131732940673828,184947.0,184951.0,0.07640166532946502,0.005177599579815297,10676.0,10680.0,,1484.3308831508054,1484.3364385643729
6,388903843,0.0001678466796875,185007.0,185012.0,0.07271102388216555,0.005688625427831829,10729.0,10734.0,,1484.4142143468546,1484.421158612182
6,388903843,0.0002168416976928711,185112.0,185115.0,0.05555961770369144,0.004268913749950384,10834.0,10837.0,,1484.5600439043149,1484.5642104623944
6,388903843,0.00012636184692382812,185171.0,185175.0,0.05544517089503742,0.005185529713891573,10893.0,10897.0,,1484.6419862071584,1484.6475416169992
6,388903843,0.00011670589447021484,185246.0,185250.0,0.05186897219350151,0.005191548533703098,10968.0,10972.0,,1484.7461501312052,1484.7517055396493
6,388903843,0.00015676021575927734,185502.0,185505.0,0.04621857061463963,0.0044535827484933075,11224.0,11227.0,,1485.1016961510354,1485.105862704458
6,388903843,0.0001499652862548828,185531.0,185534.0,0.04513140499396506,0.004467532621252362,11253.0,11256.0,,1485.14197283164,1485.1461393845968
6,388903843,0.00015473365783691406,185562.0,185565.0,0.04919394155899326,0.0045029214780740465,11284.0,11287.0,,1485.185027210645,1485.189193763137
6,388903843,0.00019407272338867188,185572.0,185575.0,0.04814969680335679,0.004297040150269845,11294.0,11297.0,,1485.1989157194153,1485.2030822719064
6,388903843,0.00017070770263671875,185635.0,185639.0,0.06721788043184418,0.00515068990241458,11357.0,11361.0,,1485.2864133133567,1485.2919687157469
6,388903843,0.00015604496002197266,185664.0,185668.0,0.05721887593740505,0.005133988685398954,11386.0,11390.0,,1485.3266899781274,1485.3322453800529
6,388903843,0.00016880035400390625,185835.0,185838.0,0.04822118128897301,0.004430049619161786,11557.0,11560.0,,1485.5641833458146,1485.5683498950461
6,388903843,0.0001798868179321289,186283.0,186287.0,0.07425566051372279,0.005187695073001031,12005.0,12009.0,,1486.1863876219513,1486.1919430136313
6,388903843,0.00015342235565185547,186525.0,186528.0,0.040153245573252505,0.004379130771503044,12247.0,12250.0,,1486.5224886931271,1486.526655233977
6,388903843,0.00022840499877929688,186589.0,186593.0,0.07867573774393577,0.0050790519978024355,12311.0,12315.0,,1486.6113748859752,1486.6169302725336
6,388903843,0.00014042854309082029,186646.0,186649.0,0.04275668285073131,0.004487096747697754,12368.0,12371.0,,1486.69053913698,1486.6947056764332
6,388903843,0.00022614002227783203,186694.0,186697.0,0.05957897051834137,0.004311532775037229,12416.0,12419.0,,1486.7572037589148,1486.7613702974365
6,388903843,0.0002000331878662109,186847.0,186851.0,0.0750422933591377,0.005017018401766894,12569.0,12573.0,,1486.9696971764893,1486.9752525588574
6,388903843,0.00011217594146728516,186879.0,186882.0,0.03717782937901859,0.004504348035903006,12601.0,12604.0,,1487.0141402317026,1487.0183067678963
6,388903843,0.00014317035675048828,186963.0,186966.0,0.04511690829534842,0.004488455159948322,12685.0,12688.0,,1487.130803230682,1487.1349697659448
6,388903843,0.0001480579376220703,187010.0,187013.0,0.046375709041655,0.004474920281027559,12732.0,12735.0,,1487.1960789435784,1487.2002454779094
6,388903843,0.00012242794036865234,187106.0,187109.0,0.03885144844582911,0.004492352621978072,12828.0,12831.0,,1487.3294080291241,1487.333574562524
6,388903843,0.00015664100646972656,187137.0,187140.0,0.046904965741198616,0.004471789201756736,12859.0,12862.0,,1487.372462204636,1487.3766287375695
6,388903843,0.00016164779663085938,187171.0,187174.0,0.04464482609643383,0.00441294873783115,12893.0,12896.0,,1487.4196829084244,1487.423849440893
6,388903843,0.00010466575622558594,187382.0,187385.0,0.03647684734529655,0.004509672613254007,13097.0,13100.0,,1487.7127289281796,1487.7168954583194
6,388903843,0.00015246868133544922,187416.0,187419.0,0.052097508725632125,0.0045091397721794295,13131.0,13134.0,,1487.759949596113,1487.7641161253214
6,388903843,0.00019431114196777344,187599.0,187602.0,0.05714701469815964,0.0043840208137165175,13314.0,13317.0,,1488.0141078065826,1488.018274333463
6,388903843,0.00022864341735839844,187639.0,187645.0,0.09259388650525224,0.00596162932348155,13354.0,13360.0,,1488.069661494283,1488.0779945466463
6,388903843,0.00019299983978271484,187679.0,187682.0,0.051453753991268066,0.004324981418272718,13394.0,13397.0,,1488.1252151745325,1488.1293817000153
6,388903843,0.00016200542449951172,187776.0,187782.0,0.09411013994258433,0.006308113682601297,13491.0,13497.0,,1488.2599328189385,1488.2682658680426
6,388903843,0.00020241737365722656,187802.0,187805.0,0.05973611534321676,0.004450485783351939,13517.0,13520.0,,1488.2960426960597,1488.3002092201464
6,388903843,0.00017905235290527344,187862.0,187866.0,0.06128100080652565,0.005053975169900255,13577.0,13581.0,,1488.3793731694018,1488.384928533608
6,388903843,0.00016760826110839844,187979.0,187982.0,0.04401530726094904,0.004354353893541511,13694.0,13697.0,,1488.5418675449682,1488.5460340667264
6,388903843,0.00014007091522216797,188305.0,188308.0,0.04043910819185115,0.004444926871637076,14020.0,14023.0,,1488.9946293166195,1488.9987958337204
6,388903843,0.00016629695892333984,188393.0,188396.0,0.045173915770849504,0.004367950193030589,14108.0,14111.0,,1489.1168471326532,1489.1210136483573
6,388903843,0.0001119375228881836,188547.0,188550.0,0.03845073830205159,0.004500512783760292,14262.0,14265.0,,1489.3307282224696,1489.334894736312
6,388903843,0.00017964839935302734,188635.0,188638.0,0.0482493642266828,0.0043332019672056,14350.0,14353.0,,1489.4529459388516,1489.4571124512963
6,388903843,0.00022649765014648443,188650.0,188654.0,0.07022120123572151,0.004963115451086213,14365.0,14369.0,,1489.4737785006091,1489.4793338499148
6,388903843,0.00017833709716796875,188747.0,188752.0,0.07740208631288148,0.005687328972199624,14462.0,14467.0,,1489.608495708225,1489.6154398934616
6,410898932,,,,,,,,,,
7,926898,,,,,,,,,,
7,29780677,,,,,,,,,,
7,53603145,,,,,,,,,,
7,121204333,,,,,,,,,,
7,142052876,0.13339221477508545,191114.0,191127.0,69.35420225710335,0.6875532885966649,907.0,920.0,,1492.8906050789149,1492.9086608026182
7,142052876,0.03592061996459961,191598.0,191601.0,7.650234301731121,0.38739528219959146,1391.0,1394.0,,1493.5628336704553,1493.5670003771793
7,142052876,0.019573569297790527,192921.0,192924.0,4.714355368028111,0.4040440260076976,2706.0,2709.0,,1495.400351827325,1495.4045185360276
7,167894019,0.15756309032440186,196981.0,196991.0,123.82557436980356,3.0838535626689767,6758.0,6761.0,,1501.0408764402764,1501.0547654222726
7,167894019,0.5427925586700441,197802.0,197812.0,163.05715791818042,1.5027997205028976,7572.0,7582.0,,1502.1811610506088,1502.195050010778
7,220429097,,,,,,,,,,
7,278199738,,,,,,,,,,
7,289113766,,,,,,,,,,
7,318801864,0.22344720363616946,191715.0,191718.0,58.27207342782051,3.347578078276851,1508.0,1511.0,,1493.731166620418,1493.7353333230667
7,366567664,,,,,,,,,,
7,410898932,,,,,,,,,,
8,926898,1625.3170166015625,208723.0,208730.0,1100235.5481901914,0.0,1.0,7.0,,1517.3533555062286,1517.3630777509134
8,926898,2.1344516277313232,208772.0,208775.0,642.294460612625,77.21472848945152,46.0,49.0,,1517.4214112306613,1517.425577908617
8,7975441,0.19800317287445068,213756.0,213761.0,62.212465472978046,4.356256557184784,4559.0,4564.0,,1524.3440993687411,1524.351043777208
8,7975441,0.3598123788833618,216170.0,216181.0,255.8351008113796,6.382340989760669,6966.0,6977.0,,1527.6968456458667,1527.7121232072186
8,11654435,22.83542442321777,208723.0,208759.0,16940.02148795376,0.0,1.0,33.0,,1517.3520366720625,1517.4020373362973
8,44984200,0.03707325458526611,209350.0,209361.0,37.111429697733435,2.423024234172113,4.0,15.0,,1518.2206859234666,1518.2359640602594
8,44984200,0.061182379722595215,209392.0,209418.0,103.4238218612553,3.618928500164204,45.0,70.0,,1518.2790206283694,1518.3151325894053
8,44984200,0.04649698734283447,209422.0,209427.0,19.655776425885747,1.6025593045827675,74.0,79.0,,1518.3206882756924,1518.3276328836962
8,44984200,0.03577303886413573,209494.0,209498.0,15.917247228959338,1.4576580727171808,145.0,149.0,,1518.4206906318766,1518.4262463183966
8,44984200,0.03284251689910889,209661.0,209664.0,10.711937141214758,1.2571004384222118,311.0,314.0,,1518.652640547232,1518.6568073122671
8,44984200,0.0921804904937744,209963.0,209966.0,18.32120536000041,1.1056706501003428,613.0,616.0,,1519.072094871585,1519.076261636155
8,130414729,132.00260925292972,208723.0,208730.0,107901.73384892207,0.0,1.0,7.0,,1517.350375473649,1517.360097627995
8,142052876,0.03848695755004883,209460.0,209463.0,7.3843692738371125,0.3435031587867489,576.0,579.0,,1518.3714523349918,1518.3756190648114
8,142052876,0.04085278511047363,211466.0,211474.0,17.491542958029893,0.5488752457385516,2572.0,2580.0,,1521.1576071466811,1521.1687184347945
8,167894019,7.152200698852539,208723.0,208730.0,5832.949239761889,0.0,1.0,7.0,,1517.3492955286324,1517.3590177885671
8,184457945,,,,,,,,,,
8,220429097,,,,,,,,,,
8,270511002,37.46197128295898,208723.0,208730.0,29675.428412934354,0.0,1.0,7.0,,1517.3540560844613,1517.3637783817655
8,293520468,,,,,,,,,,
8,380532990,,,,,,,,,,
8,410898932,,,,,,,,,,
8,415678624,336.1543273925781,208723.0,208730.0,200863.74722170888,0.0,1.0,7.0,,1517.352950217414,1517.3626727838705
10,471012740,2912.022216796875,246228.0,246377.0,8780530.497215346,0.0,1.0,150.0,,1569.44422905121,1569.6511768116586
10,471012740,46.29780960083008,246396.0,246441.0,175580.63831827414,0.0,169.0,214.0,,1569.6775661404947,1569.7400671959801
10,471012740,968.8189086914062,246445.0,246577.0,414175.54136609455,0.0,218.0,350.0,,1569.7456228464855,1569.9289593867056
10,471012740,473.2106628417969,246654.0,246708.0,167928.62082697198,0.0,421.0,470.0,,1570.0359057635708,1570.110907141073
10,471012740,2.530705213546753,246898.0,246906.0,1171.3464888033607,0.0,641.0,648.0,,1570.3748009910248,1570.3859123139187
10,471012740,0.5365644693374634,246912.0,246915.0,115.32253245134727,0.0,653.0,656.0,,1570.3942458066715,1570.3984125525824
10,471012740,12.664175033569336,246929.0,246970.0,35967.65312326073,0.0,668.0,704.0,,1570.4178573691622,1570.4748029059253
10,471012740,0.8838722705841064,246975.0,246978.0,195.6108874425391,0.0,709.0,712.0,,1570.4817474838405,1570.4859142306823
10,471012740,4234.1552734375,246987.0,247288.0,19443404.777299225,0.0,721.0,1016.0,,1570.4984144716746,1570.9164781587479
9,1539914,7.171491622924805,227479.0,227487.0,2524.505108716756,0.0,127.0,135.0,,1543.4037657635254,1543.4148771024356
9,1539914,1.9969086647033687,227513.0,227517.0,510.58759239619866,0.0,161.0,165.0,,1543.4509889605336,1543.4565446316196
9,1539914,3.376645088195801,227527.0,227530.0,733.8258463509143,0.0,175.0,178.0,,1543.4704338100323,1543.4746005639279
9,1539914,4.47280216217041,227539.0,227553.0,3263.1816376621196,0.0,187.0,201.0,,1543.4871008256164,1543.5065456793054
9,1539914,2299.846923828125,227572.0,228062.0,5126603.486081704,0.0,220.0,689.0,,1543.5329351268576,1544.213505788279
9,1539914,0.2135422229766845,230798.0,230802.0,81.31588574946498,4.318644390340904,3417.0,3421.0,,1548.0135840093515,1548.0191396622765
9,29780677,146.75042724609375,227353.0,228177.0,2748270.6125623663,0.0,1.0,804.0,,1543.2224839624319,1544.36693282337
9,44984200,69.42159271240234,227353.0,227980.0,1422694.2325081541,0.0,1.0,608.0,,1543.2252451190484,1544.0960866544165
9,55099399,654.44921875,227573.0,228182.0,1827994.723326247,0.0,221.0,809.0,,1543.534398564802,1544.3802442119836
9,55099399,0.02223670482635498,229526.0,229530.0,8.291548301093577,0.5711634756522188,2152.0,2156.0,,1546.2469367056976,1546.2524923306821
9,55099399,0.022181272506713867,235564.0,235574.0,19.450194050878988,0.91744453840634,8169.0,8179.0,,1554.6330790040115,1554.646967781489
9,73118477,17.728662490844727,227549.0,228019.0,59011.812292410046,0.0,197.0,647.0,,1543.4993464383595,1544.1521373180328
9,73118477,0.0010946989059448242,228044.0,228052.0,0.37524520347991697,0.0,671.0,679.0,,1544.186860257778,1544.1979715985512
9,73118477,0.024579286575317383,228087.0,228105.0,25.79558869082387,0.0,714.0,732.0,,1544.2465837155441,1544.2715842333332
9,73118477,0.005991935729980469,228126.0,228139.0,5.726055575399287,0.13672946650547446,753.0,766.0,,1544.3007515043207,1544.3188074340685
9,73118477,0.010593175888061523,232687.0,232690.0,3.683371743924897,0.06852190854598712,5299.0,5302.0,,1550.6355846333884,1550.6397513542224
9,73118477,0.011020779609680176,232712.0,232716.0,5.151238224341073,0.07915482016890274,5324.0,5328.0,,1550.6703073056094,1550.6758629329224
9,73118477,0.011818170547485352,232743.0,232750.0,8.021045356266683,0.09611814192905782,5355.0,5362.0,,1550.713363416006,1550.7230857632221
9,73118477,0.01233839988708496,232758.0,232774.0,18.67345644471756,0.1482228610305623,5370.0,5386.0,,1550.734197016917,1550.756419523609
9,73118477,0.012176275253295898,232781.0,232788.0,9.010735110370913,0.10448471877405263,5393.0,5400.0,,1550.766141869894,1550.775864216179
9,73118477,0.012331366539001465,232802.0,232815.0,16.620494350376298,0.1375075475376803,5414.0,5427.0,,1550.7953089082825,1550.813364693208
9,73118477,0.01292574405670166,232819.0,232826.0,8.503683269045473,0.09833579595033964,5431.0,5438.0,,1550.8189203191243,1550.828642664711
9,73118477,0.03999936580657959,232849.0,235824.0,9189.179377361008,2.0856683801298392,5461.0,8429.0,,1550.8605875125643,1554.9925657925671
9,73118477,0.0014084577560424805,239765.0,239768.0,0.4901804486396522,0.0667723371048994,10857.0,10860.0,,1560.4661949558429,1560.4703616343008
9,107012050,0.8573745489120483,227419.0,227424.0,376.3853641769645,0.0,67.0,72.0,,1543.3189492759948,1543.3258939045495
9,107012050,0.9295275211334229,227449.0,227452.0,283.74005472783693,0.0,97.0,100.0,,1543.3606170524454,1543.3647838307886
9,107012050,0.8642932176589966,227500.0,227503.0,166.72295443811717,0.0,148.0,151.0,,1543.4314523012818,1543.4356190817193
9,107012050,454.31842041015625,227541.0,228105.0,1636190.471123606,0.0,189.0,732.0,,1543.4883983097711,1544.2717543221715
9,142052876,5.396260738372803,227353.0,228157.0,143155.59364546678,0.0,1.0,784.0,,1543.2232402324685,1544.3399263658048
9,142052876,0.026226639747619632,228798.0,228803.0,11.564012424147933,0.5485863533748361,1424.0,1429.0,,1545.2302206067209,1545.2371651805304
9,142052876,0.022082686424255368,233696.0,233700.0,6.473737174235005,0.4771211473001228,6308.0,6312.0,,1552.0331237839825,1552.0386794381036
9,167894019,18.345102310180664,227353.0,228187.0,586849.0144265046,0.0,1.0,814.0,,1543.224304882488,1544.3826361270264
9,167894019,0.4278990030288696,231525.0,231535.0,131.19388563687576,1.2826775302740372,4144.0,4154.0,,1549.018736487783,1549.0326253257392
9,167894019,0.10215389728546144,232580.0,232584.0,24.43146327629704,1.0067561279480397,5192.0,5196.0,,1550.4840081957639,1550.4895637255206
9,220429097,68.86790466308594,227353.0,228548.0,2720148.948542525,0.0,1.0,1174.0,,1543.2228599692637,1544.8825569734274
9,272349442,8.132467269897461,227353.0,227852.0,211337.0609892848,0.0,1.0,485.0,,1543.2261039424411,1543.9191772832653
9,272349442,0.059546113014221184,228595.0,228604.0,29.92089764764735,0.7032584530508273,1221.0,1230.0,,1544.951149946361,1544.9636502890755
9,272349442,0.016798019409179688,229250.0,229265.0,19.916060261715373,1.018175840044035,1876.0,1891.0,,1545.8608969363668,1545.8817308311106
9,272349442,0.029147624969482425,230443.0,230447.0,10.734931738331118,0.5157755826743038,3062.0,3066.0,,1547.517884894605,1547.5234405917686
9,272349442,0.013178586959838869,230689.0,230701.0,14.349778667774375,0.9202672311727148,3308.0,3320.0,,1547.8595602144512,1547.8762273003501
9,272349442,0.026794791221618645,232930.0,232934.0,8.606657290877727,0.5084149472847874,5542.0,5546.0,,1550.9721330983148,1550.9776887733585
9,272349442,0.0200718641281128,233558.0,233561.0,5.718971696179851,0.4592093200518642,6170.0,6173.0,,1551.844373567446,1551.8485403185468
9,272349442,0.06532108783721924,233644.0,233651.0,22.164676504343817,0.5923642241149398,6256.0,6263.0,,1551.9638204249984,1551.973542842762
9,272349442,0.038227081298828125,237435.0,237438.0,11.068856639246263,0.4869930349155417,8861.0,8864.0,,1557.2291770642605,1557.2333437965021
9,272349442,0.023782968521118164,237743.0,237747.0,9.790247851433527,0.5439108554337645,9169.0,9173.0,,1557.6569616316315,1557.6625172759414
9,272349442,0.02079176902770996,240532.0,240535.0,6.428187012085531,0.456725057450609,11908.0,11911.0,,1561.5306301985665,1561.5347969193995
9,272349442,0.01704263687133789,241037.0,241044.0,11.068202445258956,0.7028595814926896,12403.0,12410.0,,1562.2320279320306,1562.2417502727255
9,272349442,0.019276261329650882,243019.0,243022.0,5.445531458112409,0.4497415071459606,14367.0,14370.0,,1564.9848344873624,1564.98900118957
9,272349442,0.03129100799560547,244262.0,244265.0,7.771924992707612,0.4389327336365204,15576.0,15579.0,,1566.7112355688992,1566.7154022580685
9,272349442,0.02243638038635254,245324.0,245327.0,6.70618411106075,0.4508884894856245,16637.0,16640.0,,1568.1862403688558,1568.1904070377686
10,2470992,710.4197998046875,246228.0,246375.0,2109940.9437143668,0.0,1.0,148.0,,1569.4442845664173,1569.6484544124398
10,2470992,9.351831436157227,246396.0,246440.0,31571.352595331227,0.0,169.0,213.0,,1569.677621551394,1569.7387336659647
10,2470992,1302.2266845703125,246461.0,246574.0,556350.5005943618,0.0,234.0,347.0,,1569.7679008179578,1569.9248479380703
10,2470992,255.51852416992188,246653.0,246704.0,73472.80203118183,0.0,420.0,466.0,,1570.0345720878024,1570.1054066858667
10,2470992,2.6442575454711914,246886.0,246902.0,3291.278872942399,0.0,630.0,644.0,,1570.3581890811404,1570.3804117152888
10,2470992,1.017608880996704,246914.0,246919.0,517.2461319004557,0.0,655.0,658.0,,1570.3970786919476,1570.4040232652067
10,2470992,5.363504409790039,246929.0,246969.0,14802.302316551843,0.0,668.0,703.0,,1570.4179124126547,1570.473469005243
10,2470992,631.218017578125,246988.0,247288.0,3558778.0167223364,0.0,722.0,1016.0,,1570.4998583885606,1570.9165329428672
10,2470992,106.59882354736328,255903.0,256186.0,332827.83534056216,0.0,8819.0,8857.0,,1582.8819309056064,1583.2749834950116
10,5630425,603.1539306640625,246228.0,246368.0,1480160.4627150104,0.0,1.0,141.0,,1569.4440709828082,1569.6385154195873
10,5630425,18.679243087768555,246384.0,246387.0,4827.692524789558,0.0,157.0,160.0,,1569.6607376565264,1569.6649043260697
10,5630425,594.0946044921875,246965.0,247427.0,3249834.3447036063,0.0,699.0,1155.0,,1570.467684006166,1571.1093529415646
10,5630425,0.024718642234802246,247554.0,247557.0,8.008074114602401,1.0236711830287508,1282.0,1285.0,,1571.2857424577496,1571.2899091389331
10,5630425,0.02544498443603516,247579.0,247583.0,11.114469370102285,1.152077763844514,1307.0,1311.0,,1571.3204648020353,1571.3260203771024
10,5630425,0.027313947677612305,247601.0,247612.0,28.670011403345605,1.8294709785206835,1329.0,1340.0,,1571.351020464206,1571.3662982955252
10,5630425,0.03814375400543213,247617.0,247755.0,380.48937505717623,6.000362134885132,1345.0,1483.0,,1571.3732427640093,1571.564910087297
10,5630425,0.028504967689514164,247760.0,247763.0,8.76427263763501,0.8838881686888337,1488.0,1491.0,,1571.5718545548507,1571.5760212355685
10,5630425,0.04215216636657715,247768.0,247880.0,373.0816238840785,5.263682180919428,1496.0,1608.0,,1571.5829657031222,1571.7385217705444
10,29780677,90.99593353271484,246228.0,247036.0,3299757.7421700875,0.0,1.0,767.0,,1569.4379307272952,1570.560164814572
10,44984200,9.551925659179688,246228.0,246926.0,640875.7710832681,0.0,1.0,665.0,,1569.440571088649,1570.4100099292025
10,44984200,0.08397078514099121,247769.0,247776.0,49.96229596843675,1.8103598886708048,1497.0,1504.0,,1571.5808378921251,1571.5905600687477
10,61476051,1479.003662109375,246683.0,247153.0,7553889.380823382,0.0,1.0,436.0,,1570.0749685745805,1570.7277555640094
10,98874143,5036.02001953125,246228.0,246372.0,21003669.59194576,0.0,1.0,145.0,,1569.443879960632,1569.6438810737675
10,98874143,15.981512069702148,246386.0,246511.0,55393.0975947116,0.0,159.0,284.0,,1569.6633256402865,1569.8369379330875
10,98874143,542.5338134765625,246644.0,246681.0,131269.44981013608,0.0,412.0,445.0,,1570.0216615660129,1570.0730508697275
10,98874143,8.905210494995117,246883.0,246902.0,10341.687111298455,0.0,627.0,644.0,,1570.353608813428,1570.379997935045
10,98874143,12.520971298217773,246911.0,246959.0,22328.10852201909,0.0,652.0,693.0,,1570.3924980461175,1570.4591653073462
10,98874143,3630.929931640625,246973.0,247427.0,18086676.53681004,0.0,707.0,1155.0,,1570.4786099260195,1571.109171286631
10,107012050,348.5603332519531,246228.0,246387.0,1925574.93533444,0.0,1.0,160.0,,1569.4429184723804,1569.663750371626
10,107012050,387.4611511230469,246571.0,247359.0,3552762.553820082,0.0,344.0,1087.0,,1569.9193046309886,1571.0137453098628
10,107012050,69.29186248779297,256012.0,256211.0,413093.2266586933,0.0,8825.0,8859.0,,1583.0316574787948,1583.3080400052256
10,142052876,4.145981311798097,246228.0,246926.0,230089.238457303,0.0,1.0,665.0,,1569.438976886428,1570.4084374391666
10,142052876,0.08025598526000978,251372.0,251390.0,60.62889290378258,1.4173059957435612,5086.0,5104.0,,1576.5835461379854,1576.6085465614997
10,165231308,,,,,,,,,,
10,167894019,6.7163286209106445,246228.0,247006.0,496176.4619030524,0.0,1.0,740.0,,1569.439416070175,1570.5199624423092
10,167894019,0.07048070430755615,247603.0,247609.0,33.61710331028678,1.5587094742679837,1331.0,1337.0,,1571.349122745237,1571.3574560141806
10,204721469,2547.570556640625,246228.0,246377.0,9082415.182111422,0.0,1.0,150.0,,1569.4438798837975,1569.6508270561167
10,204721469,2.470385789871216,246393.0,246396.0,550.623528447014,0.0,166.0,169.0,,1569.6730495868878,1569.6772163118435
10,204721469,3.3267316818237305,246409.0,246429.0,1578.3346189901786,0.0,182.0,202.0,,1569.695272120454,1569.7230502910193
10,204721469,1.664935827255249,246439.0,246457.0,1893.815013260977,0.0,212.0,230.0,,1569.7369393779318,1569.7619397369822
10,204721469,0.1449892520904541,246489.0,246492.0,30.747506760138283,0.0,262.0,265.0,,1569.8063848278616,1569.8105515556122
10,204721469,97.51433563232422,246503.0,246514.0,29939.29348474814,0.0,276.0,287.0,,1569.8258295578275,1569.8411075614413
10,204721469,5.746243476867676,246658.0,246689.0,12703.347504953403,0.0,425.0,452.0,,1570.041110606604,1570.0841668366627
10,204721469,3.8909511566162114,246878.0,246893.0,3686.018860617848,0.0,623.0,636.0,,1570.3466710569855,1570.367504732057
10,204721469,3.9590358734130864,246914.0,246929.0,4281.130003352031,0.0,655.0,668.0,,1570.396671877996,1570.4175055544656
10,204721469,3.149122714996338,246952.0,246968.0,4009.77696510452,0.0,686.0,702.0,,1570.4494505263558,1570.4716731162664
10,204721469,1602.456787109375,246985.0,247427.0,6686431.347946789,0.0,719.0,1155.0,,1570.4952846191513,1571.109183845516
10,220429097,52.36893081665039,246228.0,247395.0,3843706.4728322574,0.0,1.0,1123.0,,1569.4377552452365,1571.058573895805
10,248223026,2170.82861328125,246228.0,246369.0,9654923.352578403,0.0,1.0,142.0,,1569.442965989485,1569.638805507854
10,248223026,2457.81494140625,246373.0,246383.0,2291388.421676227,0.0,146.0,156.0,,1569.6443612421774,1569.658250577754
10,248223026,2653.02978515625,246555.0,247119.0,29889844.703997154,0.0,328.0,848.0,,1569.8971473040694,1570.6805076341363
10,248223026,0.34034907817840576,248939.0,248944.0,89.09452133876164,2.931201458282041,2660.0,2665.0,,1573.208374435138,1573.2153191192235
10,248223026,0.9211275577545166,252327.0,252346.0,500.23159119471876,5.2626999470580245,6041.0,6060.0,,1577.914079586182,1577.9404692293383
10,272349442,2.625905990600586,246228.0,246629.0,101447.6266331035,0.0,1.0,398.0,,1569.4417943816172,1569.9987396746521
10,272349442,0.013025879859924316,246637.0,246649.0,15.707846520872955,0.9997113974990056,405.0,416.0,,1570.0098508164035,1570.026517529499
10,272349442,0.019722342491149902,247785.0,247790.0,8.679216846777356,0.4534464415872307,1513.0,1518.0,,1571.6043010644244,1571.6112455345385
10,272349442,0.0285794734954834,250211.0,250224.0,22.009576663654972,0.698206940830107,3932.0,3945.0,,1574.9737533055993,1574.991808872063
10,272349442,0.03711879253387451,250525.0,250530.0,10.51682099383232,0.403920367468132,4246.0,4251.0,,1575.4098645769918,1575.4168090221933
10,272349442,0.0560903549194336,254934.0,254945.0,31.409690436636964,0.5815219717670014,8634.0,8645.0,,1581.5334490285495,1581.5487266358843
10,272349442,0.01700282096862793,258575.0,258578.0,3.9401480144619687,0.3386594331456221,11100.0,11103.0,,1586.590339848756,1586.5945064747698
10,272349442,0.016682982444763184,261512.0,261515.0,4.473346505343823,0.3487108421102168,14028.0,14031.0,,1590.6694583502094,1590.6736249580606
10,272349442,0.00919485092163086,262234.0,262238.0,3.8916465893436234,0.4158534794567309,14731.0,14735.0,,1591.6722213372448,1591.6777768073182
10,272349442,0.029272437095642086,263759.0,263763.0,6.6237150239888525,0.35119761499619817,16245.0,16249.0,,1593.7902407786773,1593.7957962289609
10,322568489,2.141419172286988,246228.0,246421.0,46806.08024319378,0.0,1.0,194.0,,1569.4412729610683,1569.7093352966413
10,322568489,0.045478105545043945,246730.0,246734.0,10.737613205030598,0.3631261882928353,490.0,493.0,,1570.1385134519198,1570.1440691597022
10,322568489,0.01291513442993164,246865.0,246868.0,4.0780866531555375,0.3273013005459401,610.0,613.0,,1570.3260186321274,1570.3301854145925
10,322568489,0.01736617088317871,247379.0,247383.0,6.093723385730544,0.3469108010355281,1107.0,1111.0,,1571.039927672871,1571.0454833867057
10,322568489,0.006901741027832031,251301.0,251304.0,2.2356741415323143,0.3003569439689344,5015.0,5018.0,,1576.4872988311402,1576.4914656031278
10,322568489,0.011802077293395996,253416.0,253419.0,3.063764813313533,0.2922020234441664,7122.0,7125.0,,1579.4248683635165,1579.429035121302
10,322568489,0.02763712406158448,257228.0,257234.0,11.371044713931765,0.4272590064135277,9877.0,9882.0,,1584.7194027235025,1584.7277361997446
10,322568489,0.021877646446228027,258434.0,258438.0,8.385897784207938,0.41756661186188704,11074.0,11077.0,,1586.39443119804,1586.3999868459964
10,322568489,0.010309338569641113,258660.0,258663.0,3.3373809330663455,0.2923210842371174,11299.0,11302.0,,1586.708325286264,1586.7124920214746
10,322568489,0.012156128883361816,260644.0,260648.0,4.135853344479578,0.33227980432167553,13275.0,13279.0,,1589.463923281823,1589.4694789162756
10,322568489,0.017609357833862305,262810.0,262813.0,3.944506543434642,0.2714821371921594,15432.0,15435.0,,1592.4722945813958,1592.4764612933222
10,322568489,0.011411547660827637,263010.0,263013.0,3.0911960036205635,0.2892569237211388,15631.0,15634.0,,1592.7500753233076,1592.7542420336044
10,332470458,-207.18585205078125,246746.0,247018.0,-1786398.7759801894,0.0,1.0,247.0,,1570.1618103630435,1570.5395971659286
10,332470458,-0.3416736125946045,252979.0,252983.0,-87.32845186323746,4.3600401544093454,6189.0,6193.0,,1578.8189425167554,1578.8244981639996
10,332470458,-0.08784008026123047,256220.0,256224.0,-23.466222562221546,0.0,8315.0,8319.0,,1583.3203786397105,1583.3259342320193
10,332470458,-0.3556155562400818,256232.0,256259.0,-593.4612503391457,0.0,8327.0,8331.0,,1583.3370454171054,1583.3745456707845
10,398985964,2399.34423828125,246228.0,246375.0,6523759.425009816,0.0,1.0,148.0,,1569.4440858519345,1569.6482563144925
10,398985964,13.676783561706545,246410.0,246431.0,27154.638679588184,0.0,183.0,204.0,,1569.6968683636248,1569.7260355994376
10,398985964,12.355460166931152,246474.0,246510.0,46550.87315701882,0.0,247.0,283.0,,1569.785758999404,1569.8357599992307
10,398985964,13.604440689086914,246567.0,246585.0,19012.962559787244,0.0,340.0,357.0,,1569.914928270723,1569.939928782976
10,398985964,251.447998046875,246758.0,246832.0,143249.31957085058,0.0,517.0,581.0,,1570.180211593375,1570.2829915735758
10,398985964,13.933516502380373,246924.0,246934.0,7004.123143539696,0.0,663.0,673.0,,1570.4107721200473,1570.4246613117334
10,398985964,14.009366989135742,246950.0,246967.0,8572.283635937223,0.0,684.0,701.0,,1570.4468840189904,1570.4704956462076
10,398985964,2981.439453125,246989.0,247217.0,7784727.370512848,0.0,723.0,946.0,,1570.5010518708966,1570.8177255324292
10,398985964,0.2976341247558594,248381.0,248397.0,309.9313842593893,6.39652634264672,2109.0,2125.0,,1572.4344278990984,1572.456650600301
10,415839928,2481.800048828125,246228.0,246382.0,9985540.919156266,0.0,1.0,155.0,,1569.4439360989902,1569.6578305863816
10,415839928,13.185868263244627,246408.0,246455.0,32027.214691972607,0.0,181.0,228.0,,1569.6939426669323,1569.7592222128671
10,415839928,11.326679229736328,246467.0,246536.0,49751.93973040544,0.0,240.0,309.0,,1569.7758893343466,1569.871725308
10,415839928,327.44305419921875,246551.0,246609.0,107323.52776121043,0.0,324.0,380.0,,1569.8925592205594,1569.9731170318078
10,415839928,4.252546787261963,246759.0,246763.0,1266.1635428812172,0.0,518.0,522.0,,1570.1814563031573,1570.187012018388
10,415839928,110.82596588134766,246810.0,246855.0,129030.57781366765,0.0,560.0,601.0,,1570.2522916835312,1570.3147934994406
10,415839928,6.414722919464111,246863.0,246883.0,6974.175507415235,0.0,608.0,627.0,,1570.32590493456,1570.353683522358
10,415839928,7.491774559020996,246916.0,246923.0,3398.9021756891857,0.0,657.0,662.0,,1570.3995181962985,1570.4092407035425
10,415839928,2.647219657897949,246968.0,246972.0,901.9063614177063,0.0,702.0,706.0,,1570.471742538544,1570.4772982575007
10,415839928,2774.8837890625,246998.0,247217.0,6793098.375546514,0.0,732.0,946.0,,1570.5134104316494,1570.8175861166994
10,471012740,2912.022216796875,246228.0,246377.0,8780530.497215346,0.0,1.0,150.0,,1569.44422905121,1569.6511768116586
10,471012740,46.29780960083008,246396.0,246441.0,175580.63831827414,0.0,169.0,214.0,,1569.6775661404947,1569.74006719598
10,471012740,968.8189086914062,246445.0,246577.0,414175.54136609455,0.0,218.0,350.0,,1569.7456228464855,1569.9289593867056
10,471012740,473.2106628417969,246654.0,246708.0,167928.62082697198,0.0,421.0,470.0,,1570.0359057635708,1570.110907141073
10,471012740,2.530705213546753,246898.0,246906.0,1171.3464888033607,0.0,641.0,648.0,,1570.3748009910248,1570.3859123139187
10,471012740,0.5365644693374634,246912.0,246915.0,115.32253245134727,0.0,653.0,656.0,,1570.3942458066715,1570.3984125525824
10,471012740,12.664175033569336,246929.0,246970.0,35967.65312326073,0.0,668.0,704.0,,1570.4178573691622,1570.4748029059253
10,471012740,0.8838722705841064,246975.0,246978.0,195.6108874425391,0.0,709.0,712.0,,1570.4817474838405,1570.4859142306823
10,471012740,4234.1552734375,246987.0,247288.0,19443404.777299225,0.0,721.0,1016.0,,1570.4984144716746,1570.9164781587479
11,29780677,33.456859588623054,265913.0,267055.0,1869299.9838851856,0.0,1.0,1097.0,,1596.7785488753116,1598.364684647387
11,30101427,2043.650634765625,265913.0,266406.0,7869891.464965234,0.0,1.0,453.0,,1596.7844068975635,1597.469130040357
11,30101427,2.3708958625793457,266460.0,266471.0,1552.843201565167,0.0,507.0,518.0,,1597.5441302240745,1597.5594080409924
11,30101427,1.8732049465179443,266475.0,266478.0,523.6254627380229,0.0,522.0,525.0,,1597.5649636109506,1597.5691302884186
11,30101427,2.28064513206482,266486.0,266498.0,2425.4822730716173,0.0,533.0,545.0,,1597.5802414283344,1597.5969081386725
11,30101427,2203.238037109375,266965.0,268198.0,63257641.2951821,0.0,1007.0,2231.0,,1598.2455212464795,1599.9580268761392
11,125835702,1420.4700927734375,265913.0,266423.0,6516721.6953756735,0.0,1.0,470.0,,1596.7842636098605,1597.4926079376223
11,125835702,1.4818487167358398,266460.0,266463.0,332.4060528120432,0.0,507.0,510.0,,1597.54399767452,1597.5481644101974
11,125835702,0.8303326368331909,266481.0,266486.0,284.97531174098464,0.0,528.0,533.0,,1597.573164824718,1597.5801093849539
11,125835702,1.0016226768493652,266493.0,266499.0,398.1385083466427,0.0,540.0,546.0,,1597.5898317688184,1597.5981652406354
11,125835702,1417.37890625,267031.0,267190.0,19097317.510179847,0.0,1073.0,1232.0,,1598.3370667878064,1598.557903979793
11,125835702,1186.1893310546875,267325.0,268198.0,11940881.417607328,0.0,1367.0,2231.0,,1598.7454072630915,1599.9579282844684
11,125835702,0.1229543685913086,271288.0,271296.0,90.07697199053317,4.621096479402001,5241.0,5249.0,,1604.2496586018449,1604.2607698483966
11,142052876,2.1367750167846684,265913.0,266904.0,203500.02112449482,0.0,1.0,946.0,,1596.7796718586033,1598.1560783487796
11,142052876,0.787710428237915,267037.0,267058.0,335.9836830223244,0.7296714518775695,1079.0,1100.0,,1598.3408030571622,1598.3699701171365
11,142052876,0.033733010292053216,270595.0,270600.0,9.1553008034469,0.4532740181318916,4558.0,4563.0,,1603.2825345161725,1603.2894790464893
11,142052876,0.020363807678222656,271348.0,271351.0,5.577702353138708,0.398011079087738,5301.0,5304.0,,1604.328380567959,1604.3325472843685
11,142052876,0.12353551387786865,274199.0,274226.0,170.10488852759536,1.0746806841069183,8142.0,8169.0,,1608.2881459086036,1608.3256462634424
11,167894019,,,,,,,,,,
11,220429097,,,,,,,,,,
11,248223026,26.408466339111328,265913.0,266964.0,2034285.1052997848,0.0,1.0,1006.0,,1596.7837772927735,1598.2434945549578
11,278199738,26.66588592529297,265913.0,266848.0,2267078.7009187983,0.0,1.0,891.0,,1596.7800251908004,1598.078657685884
11,322568489,0.6276662349700928,265913.0,266142.0,15423.103475446034,0.0,1.0,226.0,,1596.7820434773182,1597.1000998040774
11,322568489,0.013118624687194824,268186.0,268198.0,17.974142232944036,1.4385623631394686,2228.0,2231.0,,1599.9390016038003,1599.9556683448716
11,322568489,0.013114571571350098,278450.0,278456.0,6.8726200309819125,0.4567516583139682,10985.0,10990.0,,1614.1945120383716,1614.2028453018052
11,369863567,,,,,,,,,,
11,388857263,0.8972843885421753,265913.0,267081.0,67664.3105808144,0.0,1.0,1123.0,,1596.7826433301443,1598.4049110817245
11,388857263,0.004997372627258301,267688.0,267693.0,2.20552651093665,0.07953149272684219,1730.0,1735.0,,1599.2479911437986,1599.2549357899481
11,388857263,0.002519130706787109,268032.0,268035.0,0.7485510750771951,0.06295318293089579,2074.0,2077.0,,1599.7257827660687,1599.7299495531986
11,388857263,0.006937265396118164,268042.0,268108.0,30.922785708117022,0.28976086170315896,2084.0,2150.0,,1599.7396720562726,1599.8313413692056
11,388857263,0.0020995140075683594,268389.0,268393.0,0.8049861753116119,0.07338289217352857,2394.0,2398.0,,1600.2216303702114,1600.2271860849896
11,388857263,0.0037964582443237305,268497.0,268502.0,1.5301903245263129,0.07902069498921446,2494.0,2499.0,,1600.3716346624726,1600.3785793053632
11,388857263,0.0017743110656738281,268532.0,268535.0,0.5884290996866852,0.06407469188182424,2527.0,2530.0,,1600.4202471617748,1600.4244139475104
11,388857263,0.0013695955276489258,268942.0,268945.0,0.482668176331341,0.06408072855157361,2922.0,2925.0,,1600.9897077586716,1600.9938745427762
11,388857263,0.011778473854064941,269757.0,269764.0,4.316099692368258,0.08146404914191202,3733.0,3740.0,,1602.1216836168976,1602.1314061046037
11,388857263,0.004570722579956055,269789.0,269799.0,3.0423231299164506,0.1111667220710518,3765.0,3775.0,,1602.1661292738877,1602.1800185415082
11,388857263,0.005283832550048828,269820.0,269826.0,2.1589008836787222,0.08341681557540097,3796.0,3802.0,,1602.2091860025323,1602.2175195628265
11,388857263,0.01239931583404541,270581.0,270596.0,11.341707507749815,0.13338867961703352,4544.0,4559.0,,1603.2661587307964,1603.2869926112728
11,388857263,0.004826068878173828,270601.0,270618.0,4.789249178608966,0.1378413505346279,4564.0,4581.0,,1603.2939372380981,1603.317548968745
11,388857263,0.004597306251525879,270802.0,270806.0,1.7354557812108276,0.07160435962203685,4757.0,4761.0,,1603.5731111959146,1603.578666895792
11,388857263,0.010649442672729492,270894.0,270897.0,1.8035354311720155,0.05020995594062872,4847.0,4850.0,,1603.7008922856348,1603.7050590601934
11,388857263,0.002338290214538575,270960.0,270964.0,1.0189223592295598,0.0733988551366087,4913.0,4917.0,,1603.7925613187044,1603.7981170174155
11,388857263,0.002882599830627441,271761.0,271764.0,0.8221208744780775,0.061827846737869036,5714.0,5717.0,,1604.9050893584051,1604.909256127607
11,388857263,0.0027545690536499023,272020.0,272023.0,0.7213672220590475,0.061661487315513484,5973.0,5976.0,,1605.2648203676895,1605.2689871354964
11,388857263,0.005846858024597168,272320.0,272324.0,1.4625896154551583,0.0645320042825233,6273.0,6277.0,,1605.6814970330747,1605.6870527203769
11,388857263,0.05382239818572998,272512.0,272531.0,29.23457540930941,0.11002615949982728,6465.0,6484.0,,1605.948169994332,1605.9745595015759
11,388857263,0.001924276351928711,272970.0,272973.0,0.6110568524602833,0.06353794162831948,6915.0,6918.0,,1606.5842957762063,1606.5884625374933
11,388857263,0.004401206970214844,273569.0,273573.0,1.013324685584525,0.06256861058123654,7512.0,7516.0,,1607.4162586167954,1607.421814291993
11,388857263,0.004185914993286133,275190.0,275194.0,1.4554540366745563,0.07082009673817682,9133.0,9137.0,,1609.6676909096961,1609.6732465532275
11,388857263,0.004368901252746582,278163.0,278173.0,2.8657225445606365,0.11173476966399304,10121.0,10131.0,,1613.7969081144886,1613.8107971786144
11,388857263,0.002627134323120117,278456.0,278461.0,1.1358688406841964,0.08131116121701917,10402.0,10407.0,,1614.2038576557932,1614.2108021866916
11,388857263,0.003016352653503418,279359.0,279362.0,0.7858319656005648,0.06121680322242429,11302.0,11305.0,,1615.4580393939725,1615.4622061086914
11,388857263,0.00411069393157959,279752.0,279758.0,1.7504934748531973,0.08468843622787266,11695.0,11701.0,,1616.0038789171535,1616.0122123433343
11,388857263,0.004483103752136231,280380.0,280383.0,0.9664350797697344,0.05791993342706191,12313.0,12316.0,,1616.876110493842,1616.8802772039053
11,388857263,0.0027256011962890625,280526.0,280531.0,1.1232919676941575,0.08061420773012194,12452.0,12457.0,,1617.078890346066,1617.0858348611325
11,388857263,0.0033386945724487305,280912.0,280915.0,1.0128834066783092,0.06342407135786683,12819.0,12822.0,,1617.6150067501007,1617.6191734569052
11,388857263,0.0025435686111450195,281366.0,281369.0,0.7445592853960079,0.06301379104151343,13272.0,13275.0,,1618.2455681628478,1618.2497348668585
11,388857263,0.002850532531738281,281419.0,281427.0,1.6539005417009882,0.09924178606948153,13297.0,13305.0,,1618.319179930907,1618.3302911406695
11,388857263,0.003424406051635742,283327.0,283331.0,1.085735898891862,0.07085995553716902,15152.0,15156.0,,1620.969199558147,1620.974755145799
11,388857263,0.001743912696838379,283816.0,283820.0,0.6955609781681034,0.07339125488642964,15641.0,15645.0,,1621.6483698592142,1621.6539254417441
11,395130640,14.472434997558596,265913.0,266850.0,850477.3835775348,0.0,1.0,893.0,,1596.7808860241305,1598.082300892005
11,395130640,0.025307178497314453,266944.0,266956.0,26.33739538802451,1.5642970419381228,986.0,998.0,,1598.2128591646062,1598.2295261786728
11,395130640,0.02046680450439453,266975.0,266978.0,6.480723955097545,0.7802562019425826,1017.0,1020.0,,1598.2559156179311,1598.2600823714185
11,395130640,0.02743065357208252,267632.0,267636.0,10.95790455394588,0.7918263953199772,1674.0,1678.0,,1599.1684347217804,1599.173990393717
11,395130640,0.20132267475128174,271858.0,271864.0,53.834414935559046,0.7053851655060743,5811.0,5817.0,,1605.0379946403978,1605.0463281229247
11,441000085,4401.35595703125,267156.0,267186.0,15756396.199041465,0.0,1.0,31.0,,1598.5108610587345,1598.5525288066501
11,441000085,884.263671875,267208.0,267324.0,4676296.99655481,0.0,53.0,169.0,,1598.5830851552744,1598.74420045078
11,441000085,4427.3486328125,267337.0,268198.0,55943351.6576077,0.0,182.0,1034.0,,1598.7622564754965,1599.9581207079157
11,441000085,0.5401134490966797,276061.0,276223.0,3696.1580237748,0.0,7962.0,7968.0,,1610.879150644502,1611.1041506950558
11,449671564,2.9957168102264404,265913.0,266848.0,246468.6471463134,0.0,1.0,891.0,,1596.781038675584,1598.0796672399038
11,454227159,209.2529144287109,265913.0,266848.0,15809177.863387313,0.0,1.0,891.0,,1596.7810320196545,1598.079663196567
11,454291779,105.31019592285156,265913.0,266848.0,7904106.658370563,0.0,1.0,891.0,,1596.781050464265,1598.0796821403671
11,471012770,738.2017822265625,265913.0,266426.0,4475615.588466004,0.0,1.0,473.0,,1596.7843770715886,1597.4968936312266
11,471012770,3.1763758659362797,266443.0,266446.0,891.2626705039464,0.0,490.0,493.0,,1597.520505311117,1597.5246720779935
11,471012770,2.813451766967773,266451.0,266463.0,2286.4242736784367,0.0,498.0,510.0,,1597.5316166899167,1597.5482837588156
11,471012770,1.43337082862854,266519.0,266522.0,305.2904949372381,0.0,566.0,569.0,,1597.6260634197256,1597.630230187997
11,471012770,1.0430886745452879,266536.0,266541.0,402.9817972170478,0.0,583.0,588.0,,1597.6496751047378,1597.6566197180593
11,471012770,1.0624988079071045,266869.0,266959.0,6407.962258847559,0.0,912.0,1001.0,,1598.1121864914487,1598.237189603875
11,471012770,1397.2340087890625,267134.0,267186.0,8308019.2525912225,0.0,1176.0,1228.0,,1598.4802512358954,1598.5524752681747
11,471012770,30.98362922668457,267219.0,267267.0,137494.39202311455,0.0,1261.0,1309.0,,1598.5983097503672,1598.6649780892872
11,471012770,47.43124771118164,267285.0,267310.0,102256.9494845868,0.0,1327.0,1352.0,,1598.6899787166155,1598.7247018097644
11,471012770,1389.147705078125,267335.0,268198.0,14068763.488103025,0.0,1377.0,2231.0,,1598.7594249033787,1599.9580659140177
12,29780677,2.0354547500610347,286201.0,286206.0,1140.0505860987892,0.0,1.0,6.0,,1624.9567700736939,1624.9637146248126
12,72254026,0.03799152374267578,291251.0,291255.0,13.880916975026992,0.8294221920899412,4931.0,4935.0,,1631.975406732442,1631.9809623075214
12,142052876,0.2767175436019897,286201.0,286206.0,160.81651133525034,0.0,1.0,6.0,,1624.9577216186285,1624.964666087129
12,142052876,0.05806291103363038,287114.0,287119.0,18.00348291188995,0.5829188348297043,905.0,910.0,,1626.2257837513116,1626.2327282380884
12,142052876,0.0212324857711792,288454.0,288459.0,9.64056169635518,0.5872600773721106,2244.0,2249.0,,1628.0869063929772,1628.0938508797547
12,142052876,0.026735424995422363,289265.0,289269.0,8.732349986241744,0.4940739536058287,2975.0,2979.0,,1629.2133019627618,1629.218857550297
12,167894019,1.0367848873138428,286201.0,286214.0,336.94180499320566,0.0,1.0,14.0,,1624.9567252205245,1624.974780461159
12,167894019,0.06688129901885986,294598.0,294602.0,22.187177805229965,1.2606941429297391,8244.0,8248.0,,1636.6190548588168,1636.6246103217584
12,190138951,,,,,,,,,,
12,220429097,2.793377637863159,286202.0,286205.0,990.4278378774416,0.0,1.0,4.0,,1624.9570605753954,1624.9612272696274
12,277539431,,,,,,,,,,
12,278199738,,,,,,,,,,
12,358108509,,,,,,,,,,
12,363217984,,,,,,,,,,
12,369863567,,,,,,,,,,
12,388857263,0.0442432165145874,286482.0,286494.0,14.225750524961608,0.08596266980270106,274.0,286.0,,1625.3511464026376,1625.3678129700156
12,388857263,0.004974842071533203,286888.0,286891.0,1.269015028579901,0.060808107400587674,679.0,682.0,,1625.9150323262231,1625.9191989734234
12,388857263,0.015436053276062012,287556.0,287566.0,5.4147935519607815,0.08799254603543767,1347.0,1357.0,,1626.8428062463495,1626.8566950809036
12,388857263,0.002777099609375,287985.0,287990.0,1.5323149683178876,0.08181093296638467,1775.0,1780.0,,1627.438637268086,1627.4455816853629
12,388857263,0.001940250396728516,288783.0,288791.0,1.2039489180591598,0.09610446284455816,2513.0,2520.0,,1628.5469660327499,1628.558077094899
12,388857263,0.007722139358520508,289533.0,289538.0,2.031787961082042,0.06780382457852968,3241.0,3246.0,,1629.5886277339466,1629.5955721428409
12,388857263,0.007482409477233888,290414.0,290418.0,1.9956799003201056,0.06600884372247068,4121.0,4125.0,,1630.8122318981198,1630.8177874191824
12,388857263,0.005482316017150879,290489.0,290494.0,2.297558603850767,0.07958615173866447,4196.0,4201.0,,1630.9163979114044,1630.9233423119174
12,388857263,0.0032188892364501953,291130.0,291133.0,0.7966175495704064,0.05904639975357874,4814.0,4817.0,,1631.8066696830676,1631.8108363200236
12,388857263,0.002349495887756348,291604.0,291608.0,0.9492656224322468,0.07207726412076712,5271.0,5275.0,,1632.4649980691156,1632.4705535808648
12,388857263,0.004468202590942383,291791.0,291800.0,3.4399944781975584,0.10525151162755096,5457.0,5466.0,,1632.724718216728,1632.7372181150195
12,388857263,0.0017576217651367188,292123.0,292131.0,1.2317312665540143,0.09812111902714153,5789.0,5797.0,,1633.185825468388,1633.196936483504
12,388857263,0.002447247505187989,292144.0,292150.0,1.2969047461953949,0.08706433860898173,5810.0,5816.0,,1633.2149918833013,1633.2233251441723
12,388857263,0.001970052719116211,292162.0,292165.0,0.6228822816356008,0.06188254954799291,5828.0,5831.0,,1633.2399916663812,1633.2441582972824
12,388857263,0.028674006462097168,292177.0,292215.0,22.517169840475358,0.1525292428810712,5843.0,5881.0,,1633.2608248190265,1633.3136021361718
12,388857263,0.0073893070220947266,292678.0,292684.0,2.7190904406608456,0.07445475500890897,6344.0,6350.0,,1633.9566518326506,1633.9649850870032
12,388857263,0.0027304887771606445,292927.0,292937.0,2.068027161069452,0.10960524381583414,6593.0,6603.0,,1634.302481821682,1634.3163705738143
12,388857263,0.003365278244018555,293136.0,293140.0,1.0859474603085209,0.06841650640840424,6793.0,6797.0,,1634.592756685306,1634.5983121844833
12,388857263,0.003108024597167969,293465.0,293470.0,1.320505285912699,0.07865295825717915,7121.0,7126.0,,1635.0496963379533,1635.0566407077326
12,388857263,0.002639651298522949,293608.0,293612.0,0.8847186399818979,0.07002348831015871,7260.0,7264.0,,1635.2483052863545,1635.2538607804074
12,388857263,0.004319071769714356,293756.0,293774.0,6.540324689215393,0.14852112093628456,7405.0,7423.0,,1635.4538585500522,1635.4788582679407
12,388857263,0.0032248497009277344,293873.0,293878.0,1.6277459998995063,0.07985180906540726,7521.0,7526.0,,1635.6163566997916,1635.623301064449
12,388857263,0.014409184455871582,294181.0,294185.0,3.1269744900246508,0.0585863200921441,7827.0,7831.0,,1636.04412943554,1636.0496849240058
12,388857263,0.003729701042175293,294352.0,294388.0,12.314962348090775,0.21522081030835646,7998.0,8034.0,,1636.2816265242718,1636.3316259009089
12,388857263,0.005569100379943848,294439.0,294450.0,5.58354464548195,0.11534626957515452,8085.0,8096.0,,1636.4024583445075,1636.417735929058
12,388857263,0.00478518009185791,294456.0,294469.0,5.741485299173746,0.1298086838672922,8102.0,8115.0,,1636.4260691573334,1636.444124484021
12,388857263,0.004279136657714844,294565.0,294575.0,3.8616015307394136,0.11238153735129837,8211.0,8221.0,,1636.5774561122107,1636.5913448219671
12,388857263,0.006042003631591797,294643.0,294667.0,11.255960736705457,0.17125354374334587,8289.0,8313.0,,1636.6857880392756,1636.719120935612
12,388857263,0.004295945167541504,294750.0,294766.0,5.826538423388506,0.13963913467218814,8396.0,8412.0,,1636.8343971886843,1636.856619114143
12,388857263,0.004477977752685547,295042.0,295086.0,14.903730157382073,0.2310626549567152,8687.0,8731.0,,1637.2399471868603,1637.30105743286
12,388857263,0.0038328170776367188,295158.0,295174.0,5.025771923378102,0.14093095822475327,8803.0,8819.0,,1637.4010559989365,1637.423277899716
12,388857263,0.01907074451446533,295366.0,295385.0,18.090216654342736,0.12312385362793912,8980.0,8998.0,,1637.6899406140635,1637.716329101971
12,388857263,0.005856513977050781,295583.0,295604.0,12.321540371688961,0.16978457127641608,9187.0,9207.0,,1637.9913248015189,1638.0204909975712
12,388857263,0.001660466194152832,300665.0,300670.0,0.8973537899715218,0.08092210743086964,13229.0,13234.0,,1645.0495079742777,1645.0564522611692
12,395130640,0.09154963493347168,287172.0,287178.0,28.09282076723721,0.8771994192674725,963.0,969.0,,1626.3076491902184,1626.3159825470154
12,395130640,0.06574392318725586,291475.0,291480.0,18.55504241498957,0.7490687921676615,5142.0,5147.0,,1632.2840502998029,1632.2909947466492
12,395130640,0.05478489398956299,291602.0,291632.0,124.58214116985813,1.9925890260235148,5269.0,5299.0,,1632.4604392403405,1632.5021059160626
12,395130640,0.01986062526702881,294064.0,294071.0,12.705812540141265,0.988474197688044,7710.0,7717.0,,1635.8798799023007,1635.8896020989682
12,395130640,0.028026580810546875,304178.0,304181.0,6.969771802860468,0.6367104183510404,16944.0,16947.0,,1649.9269937912632,1649.931160409823
12,449671564,,,,,,,,,,
12,454227159,,,,,,,,,,
12,454291779,0.7864656448364258,287776.0,287784.0,612.6422800487835,27.90253676082821,1567.0,1575.0,,1627.1465643721717,1627.1576754627256
13,29780677,,,,,,,,,,
13,142052876,0.010097146034240723,307195.0,307198.0,3.167697106399004,0.4093100813565565,140.0,143.0,,1654.1161032854995,1654.1202699347891
13,142052876,0.0660778284072876,316481.0,316492.0,28.655707355673513,0.6252575975389344,9280.0,9291.0,,1667.0132706945712,1667.0285483434836
13,167894019,,,,,,,,,,
13,201688405,,,,,,,,,,
13,220429097,0.9516156911849976,312608.0,312626.0,583.6845582560093,7.133509010677294,5470.0,5488.0,,1661.632487894793,1661.6574882831492
13,220429097,0.19095337390899653,313226.0,313229.0,43.55961618703681,3.357164292463448,6088.0,6091.0,,1662.4908345089866,1662.4950012398267
13,278199738,,,,,,,,,,
13,358108509,,,,,,,,,,
13,369863567,,,,,,,,,,
13,381983159,,,,,,,,,,
13,387220832,0.17108118534088135,311870.0,311876.0,50.31202100189945,1.927724580149844,4753.0,4759.0,,1660.6124949914733,1660.6208285270761
13,387220832,0.6792024374008179,312180.0,312186.0,142.1182670773994,1.5955229058963785,5047.0,5053.0,,1661.0430609107025,1661.0513944430454
13,387220832,0.1040281057357788,312216.0,312241.0,147.65135297325185,4.371679149221663,5083.0,5108.0,,1661.0930621033651,1661.1277851522348
13,464378628,0.05846250057220459,309392,309395,16.143226959079477,1.020957346780401,2323,2326,19512.0,1657.170834950697,1657.1750016444576
