0.054355621337890625,119297,119306,35.835829870431155,1.7632683877173894,4923,4932,12835.0,1393.1514536147645,1393.1639536652533,0.012500050488824854,,,,,,,,,,,,,,,,,,
0.10103785991668701,152637,152644,30.406816025849494,1.828507429329434,586,593,16349.0,1439.4523609759556,1439.4620831593595,0.009722183403937379,0.49273165906257194,51.0,0.8839940243147972,51.0,0.7369003335008877,51.0,0.11429699425287816,0.013193349170774487,61.71070087864627,0.8787878787878788,33.0,0.12472331348755192,0.1353698604310132,0.2928494782592348,0.3314339826398085,7.910979806669975,0.017502797229528105,0.00524313159528318
0.018912434577941895,159470,159473,5.704301111199815,0.547990332275125,7393,7396,16349.0,1448.9405587769638,1448.9447254180473,0.0041666410834295675,0.37316820870013506,64.0,0.9354519073813734,64.0,0.4993501911760041,64.0,0.02021743119951917,0.008344126340708594,15.28613900704385,0.5,34.0,0.12843619761086456,0.1457293732784187,0.25640138511066485,0.5075192189225523,2.038336342981162,0.003149572473750181,0.00428445926146043
0.028681635856628418,164325,164340,28.611778421001084,0.8141290655852396,10837,10852,16349.0,1455.683582271604,1455.704415566196,0.020833294591966478,0.49983139952820876,42.0,0.9409082714362791,42.0,0.8018401025835471,42.0,0.03048292456059126,0.02598185663805181,57.242859188133764,1.0,26.0,0.09300432381464836,0.09388906176917872,0.2725933179262047,0.0,5.3857226380737,0.003041755794755378,0.008832784097514724
0.02893531322479248,167643,167655,20.634373059639792,0.6261272067272311,14148,14160,16349.0,1460.2919089686973,1460.3085756147555,0.016666646058183687,0.49983139952820876,42.0,0.9409082714362791,42.0,0.8018401025835471,42.0,0.030752533592486395,0.020785498261415677,41.282666673435465,1.0,33.0,0.09300432381464836,0.09388906176917872,0.2725933179262047,0.0,3.8901848642064696,0.0030686588838423623,0.007066231680821048
0.885493278503418,99179,99189,385.777939749881,4.047930758732276,7704,7714,18018.0,1365.2083565347145,1365.222245687022,0.013889152307456243,0.890909087030952,22.0,0.7000116884741663,22.0,3.5397754011390656,22.0,1.264969275632455,0.003923738297912022,433.01605670621956,0.7857142857142857,98.0,0.031889241974169945,0.14353073904702057,0.5330049041229401,0.41243556197726833,14.389645644661519,0.259369919092431,0.0005908204669169468
0.1989973783493042,213756,213761,62.60213478412263,3.2241925059972583,4335,4340,12039.0,1524.3440993687407,1524.351043777208,0.006944408467234098,0.5181410704920703,34.0,0.9166598344370124,34.0,0.8432793987240206,34.0,0.21708966715174446,0.008235003105426021,120.82063814140498,0.7037037037037037,27.0,0.11678288882212982,0.5163729061151621,0.5130707060861232,0.4653216269680752,14.473472212903873,0.12229097218333759,0.005010366509979338
0.358640193939209,216170,216181,253.39661397882801,5.114394380445111,6742,6753,12039.0,1527.6968456458667,1527.7121232072186,0.015277561351922486,0.6674056193272037,25.0,0.9002959151850357,25.0,1.4941897549900887,25.0,0.39835812635615314,0.010224646033678517,379.6740792117863,0.7894736842105263,38.0,0.07130851968391415,0.055713307583855065,0.33775438729545837,0.4131549501122744,27.552827788075493,0.024651726668833224,0.0023112319200990195
0.3076876401901245,223541,223546,80.93178176153623,2.265255241228311,9265,9270,12039.0,1537.9341537722316,1537.9410980260993,0.006944253867686712,0.6361016734297308,37.0,0.8479536612606107,37.0,1.2503991409942423,37.0,0.36285902667452435,0.005553629749109599,127.2308895607341,0.7894736842105263,38.0,0.08204695916950705,0.12994238092225818,0.43168939525788613,0.4131549501122744,10.681861879271013,0.05560535677754393,0.0019173422223987024
0.18092501163482666,148515,148522,94.31060096843349,3.771902307279575,12083,12090,14058.0,1433.7297645814963,1433.7394868667639,0.009722285267571351,0.5434467309355522,48.0,0.8888308239394849,48.0,0.9368870075019342,48.0,0.2035539348567245,0.010377222855821575,173.5415738099598,0.85,40.0,0.11774839398693403,0.11861771688735,0.3524448230925341,0.3616202853397895,20.77944842943691,0.02716501539530871,0.003903777557299818
0.03323817253112793,270595,270601,9.687886839263022,0.41075390737787126,2140,2146,13204.0,1603.2825345161723,1603.290867952599,0.00833343642671025,0.38186680588037114,58.0,0.9203617768754578,58.0,0.4941280557612423,58.0,0.036114246990969594,0.01686493274273194,25.369806147272154,0.5625,32.0,0.17530185470924703,0.18918642402237837,0.9543297714134938,0.5040161287741852,4.466302150759931,0.007423521289288632,0.032571936002460306
0.021194100379943848,271348,271351,5.890201315458505,0.358216994592331,2883,2886,13204.0,1604.328380567959,1604.3325472843685,0.004166716409599758,0.38186680588037114,58.0,0.9203617768754578,58.0,0.4941280557612423,58.0,0.023028010193878148,0.008432462720985577,15.424753408139251,0.5625,32.0,0.17530185470924703,0.18918642402237837,0.9543297714134938,0.5040161287741852,2.7276124862521174,0.004733559139886151,0.016285960951100846
0.026212215423583984,273489,273493,5.852154213737375,0.21892142663192474,5014,5018,13204.0,1607.3020250049121,1607.307580617885,0.005555612972784729,0.38186680588037114,58.0,0.9203617768754578,58.0,0.4941280557612423,58.0,0.02848033901687226,0.011243265602933393,15.325118925290148,0.5625,32.0,0.17530185470924703,0.18918642402237837,0.9543297714134938,0.5040161287741852,2.6954268341770966,0.005854321234242426,0.021714579788954844
0.12366235256195068,274199,274226,169.86428852852487,0.9202864732538777,5724,5751,13204.0,1608.2881459086034,1608.3256462634426,0.03750035483926695,0.8955671237833273,15.0,0.8985678297772147,15.0,3.5575609015528062,15.0,0.13762161126179062,0.010541029620293716,189.67231379701886,0.90625,64.0,0.027312869650334096,0.07602251542092839,0.44743432535276134,0.2937848256965016,5.261602183185096,0.011643351472972784,0.0013257449716801665
0.03355813026428223,280325,280328,6.346478920517786,0.33186396547258423,8258,8261,13204.0,1616.7965566012058,1616.8007233057397,0.004166704533872689,0.38186680588037114,58.0,0.9203617768754578,58.0,0.4941280557612423,58.0,0.03646189042987959,0.008432438687282308,16.619614019308006,0.9024390243902439,41.0,0.17530185470924703,0.18918642402237837,0.9543297714134938,0.30040622902833486,2.932289158990471,0.007494981687465429,0.016285914533824435
0.014834403991699219,174761,174764,4.6238399801042345,0.44101096058255057,1215,1218,13998.0,1470.1780169417234,1470.1821836192448,0.004166677521425299,0.38112122013926925,173.0,0.9308250531115987,173.0,0.543532366631284,173.0,0.015936833610258112,0.007665923461466735,12.132202920673354,0.5656565656565656,99.0,0.18711885543288537,0.15065000485373056,0.4560080174844405,0.49819298288539565,2.3126034919506995,0.0025793075215505977,0.006431489225778339
0.04647982120513916,178287,178292,16.257090006010237,0.6984819558398007,4714,4719,13998.0,1475.0752530292734,1475.0821974918101,0.006944462536694118,0.6925194048710723,60.0,0.8571103537820224,60.0,1.549203889267598,60.0,0.05422851444979716,0.004482600763400603,23.47528443486266,0.7766990291262136,103.0,0.22173804351044074,0.13082557357634006,0.7448088165757488,0.41849494187098263,5.252017486855292,0.008277203134675707,0.0021550943635626598
0.0431976318359375,184207,184210,7.78792785919881,0.3770876398677787,9303,9306,13998.0,1483.297508122581,1483.3016748169825,0.004166694401646964,0.6925194048710723,60.0,0.8571103537820224,60.0,1.549203889267598,60.0,0.050399148307247475,0.0026895713537207883,11.245790088219554,0.7766990291262136,103.0,0.22173804351044074,0.13082557357634006,0.7448088165757488,0.41849494187098263,2.5219701145095543,0.007692705444474792,0.0012930618564402493
0.21335983276367188,133333,133337,51.403966724605915,2.285151497115122,1080,1084,14058.0,1412.6455014721123,1412.6510571785795,0.005555706467248456,0.5179174754252587,58.0,0.8401671929820832,58.0,0.8373210745447115,58.0,0.25394925503621973,0.006635096901471564,99.25126909919085,0.8461538461538461,65.0,0.11743654920343408,2.112406434473442,0.3420347934518566,0.3636090461767123,11.877620919394978,0.6384967716535054,0.0027103509838945256
0.1005852222442627,136253,136256,33.50033647282531,3.336257317804526,3969,3972,14058.0,1416.701145769716,1416.7053125080058,0.004166738289768546,0.2756604610475995,119.0,0.9602255524169134,119.0,0.32846466741437885,119.0,0.10475166172269317,0.012685499242790528,121.52753552509172,0.3333333333333333,45.0,0.15586758476383458,0.16850538483667324,0.2782360665426592,0.47673129462279623,19.233764172078033,0.018382367586901677,0.010745641043306347
0.3690286874771118,137225,137251,434.88547851602556,7.53411303102625,4906,4932,14058.0,1418.0511671282254,1418.087278759485,0.03611163125947314,0.6126475745372496,45.0,0.9571395257292624,45.0,1.2362624562497802,45.0,0.38555370200174527,0.02921032752949426,709.8460788725183,1.0,50.0,0.09466864444277469,0.07947492309215587,0.23799005838425275,0.0,67.62118881161256,0.03201398541256364,0.005623213354917992
0.20758366584777832,140253,140256,48.24780317592701,2.1264514599410433,5378,5381,14058.0,1422.2567674941245,1422.260934193764,0.004166699639426952,0.5179174754252587,58.0,0.8401671929820832,58.0,0.8373210745447115,58.0,0.24707423424971212,0.004976226881298277,93.15731842473755,0.8461538461538461,65.0,0.11743654920343408,2.112406434473442,0.3420347934518566,0.3636090461767123,11.144820103102957,0.621211119145449,0.0020327241069859714
0.08816683292388916,142074,142077,25.128533890755236,2.846099420776834,5688,5691,14058.0,1424.7859613601206,1424.7901280714018,0.004166711281186508,0.2756604610475995,119.0,0.9602255524169134,119.0,0.32846466741437885,119.0,0.09181887807710479,0.012685417016040692,91.15755591229379,0.3333333333333333,45.0,0.15586758476383458,0.16850538483667324,0.2782360665426592,0.47673129462279623,14.490755107105999,0.016112855304371714,0.010745571390617006
0.34737467765808105,148745,148770,392.8265292024067,6.990219318663568,12313,12338,14058.0,1434.0512154067437,1434.0859371860035,0.03472177925982578,0.6126475745372496,45.0,0.9571395257292624,45.0,1.2362624562497802,45.0,0.36293003090997605,0.0280860905257568,641.1949471914908,1.0,50.0,0.09466864444277469,0.07947492309215587,0.23799005838425275,0.0,61.10222109877832,0.03013545624126999,0.005406789060218585
1.4578111171722412,125489,125498,879.6555673948156,5.944560957893635,9831,9840,12835.0,1401.7495006021704,1401.7620005369422,0.012499934771767585,0.48883489528704543,220.0,0.9096000878491874,220.0,0.7471931227525219,220.0,1.602694565058076,0.016729188734660894,1799.494217527738,0.7457264957264957,468.0,0.18878975999353917,0.11052613470979404,0.543014087451682,0.43591802509986377,339.77808671749443,0.1947445231839441,0.012157747278366774
0.6350922584533691,174255,174274,380.50070656139246,2.7878769756123245,709,728,13998.0,1469.4758277756375,1469.5022162798657,0.026388504228179954,0.9091319474690451,24.0,0.8787046086499859,24.0,3.80115525073564,24.0,0.7227596762342068,0.006942232686516283,418.5318837608532,0.8939393939393939,66.0,0.1330964527824368,0.08661433649089348,0.9008932036761813,0.3102747109746398,55.774827999934445,0.07124276939388943,0.0016453445947546541
0.12216460704803467,174752,174757,39.934934305320795,1.4348734001537833,1206,1211,13998.0,1470.1660954850538,1470.1730398281186,0.006944343064787972,0.4075398299153797,62.0,0.9274190472602354,62.0,0.5541822935926219,62.0,0.13172535911240033,0.012530792024713699,97.99026100985702,0.6031746031746031,63.0,0.1675871673092826,0.21490644415221816,0.4863104809058722,0.49316890189488927,16.48447750087135,0.03052409653990694,0.010996120890411496
0.04378390312194824,175592,175595,13.140371303487296,1.5178972112092786,2046,2049,13998.0,1471.33274508834,1471.3369116939168,0.00416660557675641,0.4075398299153797,62.0,0.9274190472602354,62.0,0.5541822935926219,62.0,0.04721048511058066,0.007518474741849605,32.24315843243033,0.6031746031746031,63.0,0.1675871673092826,0.21490644415221816,0.4863104809058722,0.49316890189488927,5.612686701559422,0.010939863173814231,0.006597672119194919
0.03996109962463379,181349,181352,14.028374151466362,1.8180853233660936,6452,6455,13998.0,1479.328456864315,1479.3326234775752,0.004166613260167651,0.4075398299153797,62.0,0.9274190472602354,62.0,0.5541822935926219,62.0,0.04308850432033518,0.007518488606260882,34.422093551884664,0.6031746031746031,63.0,0.1675871673092826,0.21490644415221816,0.4863104809058722,0.49316890189488927,6.048416918093024,0.009984695995490324,0.006597684285604048
0.07322537899017334,181444,181447,16.09553769797352,1.1726896034061405,6547,6550,13998.0,1479.4603996211097,1479.4645662346027,0.0041666134929982945,0.4075398299153797,62.0,0.9274190472602354,62.0,0.5541822935926219,62.0,0.07895608700995999,0.007518489026394556,39.49439175384538,0.6031746031746031,63.0,0.1675871673092826,0.21490644415221816,0.4863104809058722,0.49316890189488927,6.721837199740294,0.018296121859488125,0.0065976846542831116
0.4331068992614746,184815,184822,121.36441911286947,1.238665123512169,9911,9918,13998.0,1484.1422855730955,1484.1520076747768,0.009722101681290951,0.8815747963993198,22.0,0.723727541452449,22.0,3.080063196914899,22.0,0.5984391562497017,0.003156461754105875,137.66775049441864,0.8939393939393939,66.0,0.07224823452452989,0.16605523342119557,0.9846342198260564,0.3102747109746398,10.023084287162494,0.13730851472087677,0.0010090573010897528
0.06184887886047363,187832,187847,78.60526344649138,3.3524803123705063,12914,12929,13998.0,1488.332510875675,1488.3533439405217,0.020833064846556226,0.4075398299153797,62.0,0.9274190472602354,62.0,0.5541822935926219,62.0,0.06668924801920607,0.037592440407110086,192.8774997595026,0.7,70.0,0.1675871673092826,0.21490644415221816,0.4863104809058722,0.4615663313770509,32.49718097492968,0.01545358508360608,0.03298841912521623
0.6932388544082642,87843,87848,317.2290482421962,13.05013830626972,15331,15334,17805.0,1349.4615685718488,1349.4685129915604,0.0069444197115444695,0.5590207124515192,123.0,0.8286151747469894,123.0,0.9104343792436294,123.0,0.8366234116095432,0.00762758949998544,567.4727987287372,0.5329341317365269,167.0,0.11549971363564239,0.1394202534972058,0.4070894357782996,0.5004146610408544,66.82951329535076,0.140767694924143,0.003410581999855079
0.03339540958404541,242806,242810,10.76463064631097,0.5940810994253404,11737,11741,14309.0,1564.6901513051837,1564.6957068845334,0.005555579349675099,0.45638365088852473,38.0,0.8865428045327597,38.0,0.6818527794217055,38.0,0.03766925794592175,0.008147769602680082,23.586801642332087,0.631578947368421,19.0,0.12338421759427137,0.15907515795918506,0.2912006742371932,0.4955946277833521,2.9702565167128756,0.006759113183610936,0.003479689565600998
0.08961999416351318,152217,152220,21.32983004677707,1.7113235243276834,166,169,16349.0,1438.871455226927,1438.8756219221423,0.004166695215189975,0.34954795211080364,256.0,0.9430270785219202,256.0,0.4425751424539415,256.0,0.0950343804591291,0.009414661637088217,61.02118441253433,0.4043478260869565,230.0,0.18243912954177405,0.1551884834680066,0.3739587198531322,0.4918357563656743,11.263417047623884,0.015639255453713877,0.007955021590536572
0.022803187370300293,162254,162257,7.384594519999389,0.8890576799405857,8773,8776,16349.0,1452.8116733784104,1452.8158400093662,0.004166630955751316,0.34954795211080364,256.0,0.9430270785219202,256.0,0.4425751424539415,256.0,0.024180840497222522,0.009414516442673765,21.12612726066991,0.4043478260869565,230.0,0.18243912954177405,0.1551884834680066,0.3739587198531322,0.4918357563656743,3.955443076843511,0.003979300331043987,0.007954898906923894
0.0723414421081543,164228,164231,19.672381524731385,1.4276239706669538,10740,10743,16349.0,1455.5533091799603,1455.5574757894942,0.004166609533967858,0.34954795211080364,256.0,0.9430270785219202,256.0,0.4425751424539415,256.0,0.07671194577099597,0.0094144680400831,56.279493002137265,0.4043478260869565,230.0,0.18243912954177405,0.1551884834680066,0.3739587198531322,0.4918357563656743,10.366356373515705,0.012624038905372857,0.007954858008624133
0.06120443344116211,102423,102427,25.825391190051832,2.7269522430008886,9874,9878,18018.0,1369.7103182875453,1369.7158739375482,0.005555650002861512,0.172994074707293,484.0,0.9818104810196877,484.0,0.1679161209129933,484.0,0.06233833782014272,0.033085864374750557,149.28483090388238,0.2694610778443114,334.0,0.1692019350438045,0.20814281766386708,0.29241066119372433,0.4443455321413391,25.40605457185359,0.013215663850818403,0.05761602534279409
0.30299341678619385,108627,108634,85.78850478450993,2.443476772518754,15965,15972,18018.0,1378.3271129938457,1378.3368353345827,0.009722340736971091,0.6327425093986289,141.0,0.8679215314807958,141.0,1.2367813291001553,141.0,0.3491023160460654,0.007861002190294038,135.58201560702005,0.975609756097561,205.0,0.13334096789397903,0.11450378025420684,0.5082325814607219,0.15463506661142748,18.243017880480664,0.04605662313109445,0.0032303345320941475
0.1333845853805542,191114,191129,70.91846684964722,0.5907567647489623,757,772,16063.0,1492.8906050789149,1492.9114386063043,0.020833527389413575,0.8927020180477622,14.0,0.7752979140212684,14.0,3.506529558925772,14.0,0.1720430082014836,0.005941352279886653,79.44248519202168,0.8783783783783784,74.0,0.0535595926438749,0.10183448344476836,0.7946890270567286,0.32907935932170057,4.295722101339712,0.022597649953178534,0.0013464958396503135
0.037320733070373535,191598,191601,8.134066543923755,0.46327792111393995,1241,1244,16063.0,1493.5628336704553,1493.5670003771793,0.004166706723935931,0.3758308139288783,77.0,0.924485377669326,77.0,0.5370447350058327,77.0,0.04036919779570876,0.0077585840663546915,21.642894202557414,0.6206896551724138,58.0,0.19060636623657798,0.13352519819323594,0.4915557172126266,0.48945319317801955,4.151205513099162,0.005830600750185129,0.007101412799903935
0.1453855037689209,204013,204026,52.376726703615574,0.5067984232319339,12426,12439,16063.0,1510.8060777958585,1510.8241335958714,0.018055800012916734,0.8927020180477622,14.0,0.7752979140212684,14.0,3.506529558925772,14.0,0.18752211393791085,0.005149193728299311,58.67212759097097,0.9402985074626866,67.0,0.0535595926438749,0.10183448344476836,0.7946890270567286,0.2387211518300628,3.1830597953730813,0.024630812571506924,0.0011669679908023873
0.2050379514694214,154531,154544,92.47351843170442,1.3767991943205227,2470,2483,16349.0,1442.0818089405211,1442.099864801833,0.01805586131195014,0.8388822907013508,30.0,0.7744304084688303,30.0,2.660578693889076,30.0,0.2647596856053385,0.006786441368346505,110.23420026472556,0.8611111111111112,72.0,0.05826257210056136,0.14410541805804453,0.8546706356736047,0.3482574551765863,6.568442924868853,0.04926627978685493,0.002180041571996507
0.0761268138885498,164130,164134,16.51841887637076,0.808199434242693,10642,10646,16349.0,1455.4139546587298,1455.419510306538,0.0055556478082507965,0.3501481940414459,102.0,0.9445022347967458,102.0,0.4618514504824397,102.0,0.08059992987198393,0.012029079485292275,47.17550784915808,0.6811594202898551,69.0,0.1848928253195517,0.16099419159147477,0.5832703817714591,0.469441270623243,8.759775892330028,0.013738581100194047,0.015191477208562797
0.25979769229888916,167796,167801,48.949556225478695,0.7369374418936109,14301,14306,16349.0,1460.505700848181,1460.5126453920338,0.006944543852796414,0.9053867192453419,13.0,0.714626949086497,13.0,3.5897961052442304,13.0,0.36354309424096987,0.0019345232010952735,54.064804778977916,0.9491525423728814,59.0,0.040185358984279024,0.12692137061897524,0.586458207366161,0.2215718777717221,2.2941941064386597,0.0645670973633298,0.0003160394003896762
0.22833669185638428,168320,168331,75.06633456498638,1.1239094139392896,14818,14829,16349.0,1461.2334888446908,1461.2487668323815,0.015277987690751615,0.8388822907013508,30.0,0.7744304084688303,30.0,2.660578693889076,30.0,0.294844687604457,0.005742355122155459,89.48375165033806,0.8611111111111112,72.0,0.05826257210056136,0.14410541805804453,0.8546706356736047,0.3482574551765863,5.333320992166963,0.054864473947298424,0.0018446446683906283
0.04122281074523926,231138,231142,14.818876397070392,1.3762032877448913,2430,2434,14309.0,1548.4797232407307,1548.4852787080301,0.005555467299473094,0.13517138652009492,16.0,0.9883259711546657,16.0,0.147197150352888,16.0,0.0417097313521757,0.03774167696965946,109.63027589324447,0.125,40.0,0.1607326189657321,0.16989741801722139,0.19777646890343026,0.3349320635285418,17.674820034271836,0.007170079376389912,0.05071032682126045
0.20754265785217285,240959,240983,234.52221286836064,6.100014130960674,9898,9922,14309.0,1562.119797841257,1562.1531307454065,0.03333290414957446,0.5486204831608164,61.0,0.9359793961104794,61.0,0.9992543617891311,61.0,0.22173848987982991,0.03335777698272242,427.476224579124,0.9777777777777777,45.0,0.06881562583022115,0.08570395044555786,0.2187103749415996,0.14907119849998599,30.042846827556257,0.02030372103008412,0.007301135917031969
0.2521268129348755,206975,206979,84.48371870218533,3.9961247535252795,15373,15377,16063.0,1514.9206320680803,1514.9261875003979,0.005555432317578379,0.40447534131533247,51.0,0.9180345641206765,51.0,0.5510891808014271,51.0,0.2746376038426949,0.01008082268916863,208.87235901068465,0.6216216216216216,37.0,0.0976587690657724,0.09722479753195826,0.2404100626475266,0.49167239269837154,20.785963752381576,0.029085599248481264,0.004397711475150343
0.053433775901794434,298143,298150,28.519166676897306,1.4814132843758423,10712,10719,18704.0,1641.5449759259523,1641.5546979787305,0.009722052778215584,0.35375707491534797,105.0,0.9499087509798384,105.0,0.4653885960478687,105.0,0.0562514829415742,0.020890182657624896,80.61794010401567,0.6,55.0,0.1405692549057562,0.1486906247883711,0.3755632573410257,0.4944132324730441,11.42882148697554,0.008805128003323967,0.016858137719686698
0.020845532417297363,298155,298158,5.7772345378563905,0.19601321848321543,10724,10727,18704.0,1641.5616423019428,1641.5658088960568,0.0041665941139399365,0.17855592085290403,56.0,0.9951005369755112,56.0,0.19484631962825877,56.0,0.02094816718786512,0.021384002129931176,32.355323252572106,0.16666666666666666,36.0,0.09985269000543642,0.11683492496593671,0.1369698795851368,0.3779644730092272,3.2367067420655724,0.0024595279076091484,0.015032176139498359
0.03849673271179199,298335,298338,10.515635302009432,1.0611923709675777,10904,10907,18704.0,1641.8116379452977,1641.815804539412,0.004166594114394684,0.35375707491534797,105.0,0.9499087509798384,105.0,0.4653885960478687,105.0,0.040526769199759775,0.008952935567776822,29.72558302763489,0.6,55.0,0.1405692549057562,0.1486906247883711,0.3755632573410257,0.4944132324730441,4.311150316623912,0.006343715253439428,0.0072249162810442856
0.07687914371490479,298352,298427,418.5410611217545,4.9497837054830915,10921,10996,18704.0,1641.8352486449671,1641.939413495259,0.1041648502919088,,,,,,,,,,,,,,,,,,
0.02205514907836914,302744,302749,12.276224797814997,1.275229459060266,15289,15294,18704.0,1647.935134246553,1647.9420785478792,0.0069443013262571185,0.17855592085290403,56.0,0.9951005369755112,56.0,0.19484631962825877,56.0,0.022163739500536423,0.03563988962945738,68.75282958512622,0.2972972972972973,37.0,0.09985269000543642,0.11683492496593671,0.1369698795851368,0.4633731916228157,6.982589997030861,0.0026022484616280202,0.02505354681724438
0.014834403991699219,174761,174764,4.6238399801042345,0.44101096058255057,1215,1218,13998.0,1470.1780169417234,1470.1821836192448,0.004166677521425299,0.38112122013926925,173.0,0.9308250531115987,173.0,0.543532366631284,173.0,0.015936833610258112,0.007665923461466735,12.132202920673354,0.5656565656565656,99.0,0.18711885543288537,0.15065000485373056,0.4560080174844405,0.49819298288539565,2.3126034919506995,0.0025793075215505977,0.006431489225778339
0.04647982120513916,178287,178292,16.257090006010237,0.6984819558398007,4714,4719,13998.0,1475.0752530292734,1475.0821974918101,0.006944462536694118,0.6925194048710723,60.0,0.8571103537820224,60.0,1.549203889267598,60.0,0.05422851444979716,0.004482600763400603,23.47528443486266,0.7766990291262136,103.0,0.22173804351044074,0.13082557357634006,0.7448088165757488,0.41849494187098263,5.252017486855292,0.008277203134675707,0.0021550943635626598
0.0431976318359375,184207,184210,7.78792785919881,0.3770876398677787,9303,9306,13998.0,1483.297508122581,1483.3016748169825,0.004166694401646964,0.6925194048710723,60.0,0.8571103537820224,60.0,1.549203889267598,60.0,0.050399148307247475,0.0026895713537207883,11.245790088219554,0.7766990291262136,103.0,0.22173804351044074,0.13082557357634006,0.7448088165757488,0.41849494187098263,2.5219701145095543,0.007692705444474792,0.0012930618564402493
0.18290209770202637,124646,124649,40.40301835826757,1.9762257135662178,9014,9017,12835.0,1400.5759510727348,1400.5801177743529,0.0041667016180326755,0.586655935771985,17.0,0.8588417261177134,17.0,1.022542817353858,17.0,0.212963683691537,0.0040748431726460995,68.87004101492799,0.6176470588235294,34.0,0.0855386744153572,0.12662483490993431,0.40096912368055027,0.4932702180563817,6.213691488841287,0.03139867389903259,0.0015978658969995603
0.06872618198394775,124658,124670,76.09675176287108,4.278816018764362,9026,9038,12835.0,1400.5926178789746,1400.609284685098,0.016666806123339484,0.188081681476797,19.0,0.9743382292212406,19.0,0.21839334883520997,19.0,0.07053626751244128,0.07631553896778936,404.59416975309676,0.34782608695652173,23.0,0.07462669130509607,0.13272302570847072,0.10343086878571091,0.48698475355767396,30.49519914253147,0.00960835423025114,0.03614296195093482
0.015136003494262695,118491,118494,4.262293148181204,0.39370353114292084,4155,4158,12835.0,1392.0259817995059,1392.030148394662,0.004166595156220865,0.18541888468203424,85.0,0.9595793098674856,85.0,0.20259196360091733,85.0,0.015773582588345846,0.02056643848138307,22.987373457080174,0.6071428571428571,28.0,0.11562454013700119,0.13346085607961747,0.19158183455056071,0.49734746139343805,2.6869050451138357,0.0021938320408074444,0.01944872809563299
0.014149188995361328,119838,119841,4.097996766408556,0.35587740415535013,5459,5462,12835.0,1393.8967820648797,1393.9009486550008,0.004166590121030822,0.18541888468203424,85.0,0.9595793098674856,85.0,0.20259196360091733,85.0,0.014745200162053598,0.020566413627534218,22.10129121117307,0.6071428571428571,28.0,0.11562454013700119,0.13346085607961747,0.19158183455056071,0.49734746139343805,2.580112744433753,0.002050801863333994,0.019448704592499526
0.04116475582122803,122174,122185,18.258547867151695,0.7071121511101097,6574,6585,12835.0,1397.1411635704226,1397.156441084968,0.01527751454545978,0.5685477322306249,51.0,0.9399524491869798,51.0,1.032821488337872,51.0,0.043794508814604234,0.014792018483316037,32.114362316628366,1.0,25.0,0.09553375222150538,0.12184532022199167,0.3885065668943481,0.0,3.148438587700682,0.005677048828476212,0.005564171914779989
0.03465771675109863,126374,126390,40.44298856789834,1.0014489681191194,10693,10709,12835.0,1402.974407118136,1402.9966290087775,0.022221890641503705,0.4490615319601102,57.0,0.958076668997466,57.0,0.6746771359128944,57.0,0.03617426232429244,0.032937073836711,90.06112902026722,0.975,40.0,0.13609015071425226,0.0937976257909623,0.4273418931550997,0.15811388300841897,12.297277773964286,0.0035415327713893665,0.02086241068377722
0.030509471893310547,126966,126969,6.62126652433639,0.3929664381765551,11278,11281,12835.0,1403.7966170601546,1403.800783664509,0.004166604354395531,0.5488419377704177,28.0,0.8640741922587805,28.0,0.9169293322834159,28.0,0.035308856770222004,0.004544084486881335,12.064068119929432,0.5319148936170213,47.0,0.10950845175303285,0.16617855104433651,0.44003940787169143,0.5043749394606821,1.3783228443792603,0.006790591259031877,0.0021807310296712676
0.04888749122619629,286482,286499,17.06946158848936,0.2364541583527023,23,40,18704.0,1625.3511464026378,1625.374757372857,0.023610970219124283,0.891055254860192,16.0,0.8896845726359542,16.0,3.2594596939325564,16.0,0.05494924013502067,0.007243829479798695,19.15645690363791,0.9146341463414634,82.0,0.056999071061322286,0.1335853741172732,0.8295308082984149,0.28114490408192994,1.117209345339223,0.008250581190981501,0.001843550860511924
0.01774895191192627,287556,287568,9.216663431647781,0.2606653284855768,1096,1108,18704.0,1626.8428062463495,1626.8594728481871,0.016666601837641792,0.5704102656035345,36.0,0.8864754913974309,36.0,1.0580817309199966,36.0,0.02002193189114231,0.015751714967378056,16.15795504994269,0.9032258064516129,31.0,0.17660864841481627,0.12129853469590363,0.6692062248944592,0.3005371535187643,2.865515112185074,0.002739648217852335,0.009962506109775799
0.008466720581054688,289533,289538,2.5087752653463333,0.12426099192648474,2990,2995,18704.0,1629.5886277339464,1629.5955721428409,0.006944408894469234,0.5704102656035345,36.0,0.8864754913974309,36.0,1.0580817309199966,36.0,0.009550992287116518,0.006563206500532909,4.398194451658179,0.9032258064516129,31.0,0.17660864841481627,0.12129853469590363,0.6692062248944592,0.3005371535187643,0.7866356297920112,0.0013068848271178143,0.004151039108864927
0.003190279006958008,290308,290311,0.9930265016557769,0.11042887797479635,3764,3767,18704.0,1630.6650105818176,1630.6691772234294,0.004166641611845989,0.5704102656035345,36.0,0.8864754913974309,36.0,1.0580817309199966,36.0,0.003598834979553563,0.003937920379953178,1.7408987206867403,0.9032258064516129,31.0,0.17660864841481627,0.12129853469590363,0.6692062248944592,0.3005371535187643,0.32668764512603204,0.0004924370880734252,0.00249062123878848
0.008309483528137207,290414,290418,2.375578474051988,0.15653085303620765,3870,3874,18704.0,1630.81223189812,1630.8177874191824,0.0055555210624333995,0.5704102656035345,36.0,0.8864754913974309,36.0,1.0580817309199966,36.0,0.009373619021365411,0.0052505594795620395,4.164683942948428,0.9032258064516129,31.0,0.17660864841481627,0.12129853469590363,0.6692062248944592,0.3005371535187643,0.7519909605936443,0.0012826144243389171,0.0033208276688100257
0.0030781030654907227,291604,291607,1.0133377002811734,0.13653283910796069,5020,5023,18704.0,1632.4649980691152,1632.4691647028103,0.004166633695149358,,,,,,,,,,,,,,,,,,
0.007839202880859375,291791,291809,12.134171750462084,0.36143414329017853,5206,5224,18704.0,1632.724718216728,1632.749718012847,0.0249997961191184,0.5704102656035345,36.0,0.8864754913974309,36.0,1.0580817309199966,36.0,0.008843112930851292,0.02362747166741194,21.27270927991324,0.9032258064516129,31.0,0.17660864841481627,0.12129853469590363,0.6692062248944592,0.3005371535187643,3.774290147888886,0.001210024023305748,0.014943695421904117
0.030163168907165527,292177,292195,19.712090259487663,0.2999947349382018,5592,5610,18704.0,1633.2608248190263,1633.2858246011756,0.02499978214927978,0.827195626288354,29.0,0.7829630665483674,29.0,2.4615135340362384,29.0,0.03852438281685181,0.01015626434858015,23.83002234663192,0.8703703703703703,54.0,0.09913811464868232,0.17340967549101688,0.8720954037451992,0.33904952030452445,2.381434561492673,0.00853233186619192,0.003598286718779253
0.008434057235717773,292678,292682,2.8618541326754645,0.1550468323445757,6093,6097,18704.0,1633.9566518326506,1633.9622073355522,0.0055555029016431945,0.5704102656035345,36.0,0.8864754913974309,36.0,1.0580817309199966,36.0,0.009514145983237972,0.005250542315679823,5.017185533376438,0.9032258064516129,31.0,0.17660864841481627,0.12129853469590363,0.6692062248944592,0.3005371535187643,0.8995412013951407,0.0013018430603540404,0.0033208168131487973
0.01503896713256836,294181,294185,3.445230838993922,0.12511889536273224,7576,7580,18704.0,1636.04412943554,1636.0496849240058,0.005555488465688541,0.5704102656035345,36.0,0.8864754913974309,36.0,1.0580817309199966,36.0,0.01696489894927731,0.005250528672164174,6.039917313459679,0.9032258064516129,31.0,0.17660864841481627,0.12129853469590363,0.6692062248944592,0.3005371535187643,1.0740144842561705,0.0023213471819367396,0.003320808184018046
0.008765220642089844,294439,294453,11.190206159226332,0.31732094361179536,7834,7848,18704.0,1636.4024583445075,1636.4219025431953,0.019444198687779135,0.5704102656035345,36.0,0.8864754913974309,36.0,1.0580817309199966,36.0,0.009887719093364262,0.018376840011094894,19.61782042506949,0.9032258064516129,31.0,0.17660864841481627,0.12129853469590363,0.6692062248944592,0.3005371535187643,3.4791777137780318,0.0013529599511196025,0.011622822103375048
0.019643187522888184,295366,295379,17.640742539347123,0.27860436145523365,8729,8742,18704.0,1637.6899406140637,1637.707995895582,0.018055281518172706,0.5704102656035345,36.0,0.8864754913974309,36.0,1.0580817309199966,36.0,0.022158748564974837,0.017064165262993182,30.926411397385998,0.8703703703703703,54.0,0.17660864841481627,0.12129853469590363,0.6692062248944592,0.33904952030452445,5.4689727596242586,0.0030320338889339707,0.010792593126708355
0.03484046459197998,297908,297925,18.209044012104027,0.2733429214822863,10477,10494,18704.0,1641.2204234533838,1641.244034072029,0.023610618645307113,0.827195626288354,29.0,0.7829630665483674,29.0,2.4615135340362384,29.0,0.04449822230513566,0.009591910959998612,22.012983910237086,0.9146341463414634,82.0,0.09913811464868232,0.17340967549101688,0.8720954037451992,0.28114490408192994,2.1993776193450794,0.009855410324624838,0.003398340632980993
0.011516213417053223,298736,298745,5.413228202122628,0.12399567644971453,11305,11314,18704.0,1642.3703994973016,1642.3828992354056,0.012499738103997515,0.5704102656035345,36.0,0.8864754913974309,36.0,1.0580817309199966,36.0,0.012991011628419848,0.01181358465865303,9.49006097636593,0.9032258064516129,31.0,0.17660864841481627,0.12129853469590363,0.6692062248944592,0.3005371535187643,1.6806073022147843,0.001777590796402856,0.007471752097084511
0.009279489517211914,299552,299560,4.565193033121076,0.13803467257671018,12105,12113,18704.0,1643.5037087926967,1643.5148196643886,0.01111087169192615,0.5704102656035345,36.0,0.8864754913974309,36.0,1.0580817309199966,36.0,0.010467846666108976,0.010500957881831401,8.003350059436217,0.9032258064516129,31.0,0.17660864841481627,0.12129853469590363,0.6692062248944592,0.3005371535187643,1.420184885134981,0.0014323401767361017,0.006641553460871027
0.006916642189025879,300545,300549,2.0328110932507997,0.10766678736551366,13098,13102,18704.0,1644.882845078871,1644.888400509129,0.005555430258027627,0.5704102656035345,36.0,0.8864754913974309,36.0,1.0580817309199966,36.0,0.007802406559624739,0.005250473659721172,3.5637701770671,0.9032258064516129,31.0,0.17660864841481627,0.12129853469590363,0.6692062248944592,0.3005371535187643,0.6385352183929858,0.0010676217131420746,0.003320773390232058
0.012938976287841797,301010,301017,5.897948296859713,0.17404767016892866,13563,13570,18704.0,1645.5286636685055,1645.53838566587,0.009721997364522394,0.5704102656035345,36.0,0.8864754913974309,36.0,1.0580817309199966,36.0,0.014595977456122252,0.009188323624177094,10.339835470210668,0.9032258064516129,31.0,0.17660864841481627,0.12129853469590363,0.6692062248944592,0.3005371535187643,1.834379936515664,0.0019972020603650537,0.0058113500932463
0.0032023191452026367,301766,301769,0.8334960647234659,0.06413954807293164,14312,14315,18704.0,1646.5786389186142,1646.5828054850222,0.004166566408002836,0.5704102656035345,36.0,0.8864754913974309,36.0,1.0580817309199966,36.0,0.003612417011275217,0.003937849304306604,1.4612220624072536,0.9032258064516129,31.0,0.17660864841481627,0.12129853469590363,0.6692062248944592,0.3005371535187643,0.26591567041956854,0.0004942955495447432,0.0024905762854888097
0.010022759437561035,302219,302222,2.202489836196552,0.14180803100955977,14764,14767,18704.0,1647.207790267989,1647.2119568318358,0.004166563846865756,0.5704102656035345,36.0,0.8864754913974309,36.0,1.0580817309199966,36.0,0.011306301792688324,0.003937846883759113,3.8612380754861793,0.9032258064516129,31.0,0.17660864841481627,0.12129853469590363,0.6692062248944592,0.3005371535187643,0.696516594408701,0.0015470679715248997,0.0024905747545622267
0.022025465965270996,302286,302299,13.855276559296748,0.2688689360698336,14831,14844,18704.0,1647.3008435259767,1647.3188986347354,0.01805510875874461,0.827195626288354,29.0,0.7829630665483674,29.0,2.4615135340362384,29.0,0.028130913074059256,0.007334962212919038,16.74969755517893,0.8703703703703703,54.0,0.09913811464868232,0.17340967549101688,0.8720954037451992,0.33904952030452445,1.6821598612213042,0.006230399256179054,0.0025987209674376037
0.029526472091674805,302903,302915,15.414096314702775,0.24682484772204588,15448,15460,18704.0,1648.1577664127842,1648.1744326528017,0.016666240017457312,0.827195626288354,29.0,0.7829630665483674,29.0,2.4615135340362384,29.0,0.03771119399263619,0.006770728572891102,18.634160801679023,0.8703703703703703,54.0,0.09913811464868232,0.17340967549101688,0.8720954037451992,0.33904952030452445,1.8637717422573656,0.008352227827898254,0.0023988173076352837
0.013165116310119629,302968,302978,6.413590644618292,0.17311789038478181,15513,15523,18704.0,1648.2480418767136,1648.2619304088194,0.013888532105738705,0.5704102656035345,36.0,0.8864754913974309,36.0,1.0580817309199966,36.0,0.014851077596478472,0.013126142999995566,11.243820511947236,0.9032258064516129,31.0,0.17660864841481627,0.12129853469590363,0.6692062248944592,0.3005371535187643,1.993287854688378,0.002032108014930306,0.008301907449828227
0.014406204223632812,304518,304522,3.2481854811691306,0.06898939598816632,17056,17060,18704.0,1650.4007618844548,1650.4063172839792,0.005555399524382665,0.5704102656035345,36.0,0.8864754913974309,36.0,1.0580817309199966,36.0,0.016251102668301657,0.0052504446131512676,5.69447234216993,0.9032258064516129,31.0,0.17660864841481627,0.12129853469590363,0.6692062248944592,0.3005371535187643,1.0080565833853052,0.002223676751345089,0.0033207550191130565
0.024907588958740234,305117,305128,13.357454244368785,0.14381481557517384,17655,17666,18704.0,1651.23268251249,1651.2479598439536,0.015277331463494193,0.827195626288354,29.0,0.7829630665483674,29.0,2.4615135340362384,29.0,0.03181195898363818,0.00620647875879982,16.14787822839924,0.8703703703703703,54.0,0.09913811464868232,0.17340967549101688,0.8720954037451992,0.33904952030452445,1.6073170528804954,0.007045672675730809,0.0021989079174861235
0.011322617530822754,305405,305412,4.081427669364071,0.11512424592830439,17943,17950,18704.0,1651.632670697808,1651.6423926295129,0.009721931704916642,0.5704102656035345,36.0,0.8864754913974309,36.0,1.0580817309199966,36.0,0.012772623316380575,0.009188261568852033,7.1552493275092655,0.9032258064516129,31.0,0.17660864841481627,0.12129853469590363,0.6692062248944592,0.3005371535187643,1.2689121272421127,0.0017477082079927506,0.005811310845040225
0.023038387298583984,305808,305823,20.340655009741784,0.3006888438095113,18346,18361,18704.0,1652.1923758916255,1652.2132085779094,0.02083268628393853,0.827195626288354,29.0,0.7829630665483674,29.0,2.4615135340362384,29.0,0.029424615646491407,0.00846336450963094,24.58989671041997,0.8703703703703703,54.0,0.09913811464868232,0.17340967549101688,0.8720954037451992,0.33904952030452445,2.4562701632519617,0.006516926875235648,0.0029985052639408816
0.18092501163482666,148515,148522,94.31060096843349,3.771902307279575,12083,12090,14058.0,1433.7297645814963,1433.7394868667639,0.009722285267571351,0.5434467309355522,48.0,0.8888308239394849,48.0,0.9368870075019342,48.0,0.2035539348567245,0.010377222855821575,173.5415738099598,0.85,40.0,0.11774839398693403,0.11861771688735,0.3524448230925341,0.3616202853397895,20.77944842943691,0.02716501539530871,0.003903777557299818
0.31158459186553955,132727,132730,74.69700686763684,3.2822624099658273,482,485,14058.0,1411.8028276086613,1411.806994435892,0.004166827230619674,0.6938921635811015,93.0,0.9261126504215611,93.0,2.1297802010995315,93.0,0.33644351119025107,0.0019564588066263767,107.64930170436537,0.93,100.0,0.1706991064225474,0.03714427630613981,1.2079150792078195,0.2564323999762428,18.66647737332897,0.013493985570081553,0.001109615017151948
0.9504848718643188,134409,134415,268.5213109075411,3.1973371542250595,2128,2134,14058.0,1414.1390213515285,1414.1473549566288,0.008333605100233399,0.6938921635811015,93.0,0.9261126504215611,93.0,2.1297802010995315,93.0,1.0263166920694407,0.003912894436679921,386.9784456445393,0.93,100.0,0.1706991064225474,0.03714427630613981,1.2079150792078195,0.2564323999762428,66.13420962937529,0.04116323297222848,0.0022192168895992007
1.5552337169647217,136554,136570,410.7075385230313,3.83696856471588,4246,4259,14058.0,1417.1182759309609,1417.1404987433223,0.022222812361405886,0.6938921635811015,93.0,0.9261126504215611,93.0,2.1297802010995315,93.0,1.6793137597859054,0.010434321978358621,591.8895760450941,0.93,100.0,0.1706991064225474,0.03714427630613981,1.2079150792078195,0.2564323999762428,101.10785302880952,0.06735346317728903,0.005917875869285504
0.06986582279205322,174853,174860,49.665666323234134,3.2840538068438256,1307,1314,13998.0,1470.3075939017256,1470.3173159859446,0.009722084218992677,0.31048206972941966,240.0,0.9488887590763047,240.0,0.3698853072304642,240.0,0.07362909732439457,0.026284050836696642,159.96307408835878,0.625,168.0,0.18843592498332806,0.1569771529199591,0.4469062319613072,0.4855702246985214,30.321160731121548,0.012180654433404029,0.03175715793649693
0.12138402462005615,178611,178616,45.80617349489442,3.257395504736061,5038,5043,13998.0,1475.526955595312,1475.5338999152975,0.00694431998545042,0.31048206972941966,240.0,0.9488887590763047,240.0,0.3698853072304642,240.0,0.12792229169014224,0.01877425204436041,147.53242766905606,0.6510067114093959,149.0,0.18843592498332806,0.1569771529199591,0.4469062319613072,0.4782594356544263,27.990594712021647,0.02116251979216488,0.022683599686237933
0.0666888952255249,182223,182226,20.713358387656072,2.489102378705118,7326,7329,13998.0,1480.543537706155,1480.5477043086466,0.004166602491750382,0.31048206972941966,240.0,0.9488887590763047,240.0,0.3698853072304642,240.0,0.07028104673770524,0.011264579615092144,66.71354131885118,0.27011494252873564,174.0,0.18843592498332806,0.1569771529199591,0.4469062319613072,0.4453004292171516,12.815279971348266,0.011626777655011055,0.013610194111528522
0.08464288711547852,183833,183836,22.815007325658847,2.2192883732728808,8929,8932,13998.0,1482.7796130768231,1482.7837796745418,0.004166597718722187,0.31048206972941966,240.0,0.9488887590763047,240.0,0.3698853072304642,240.0,0.08920211806268429,0.01126456671101593,73.48252781728031,0.27011494252873564,174.0,0.18843592498332806,0.1569771529199591,0.4469062319613072,0.4453004292171516,14.023468679714696,0.01475694004589237,0.013610178520446733
0.1333845853805542,191114,191129,70.91846684964722,0.5907567647489623,757,772,16063.0,1492.8906050789149,1492.9114386063043,0.020833527389413575,0.8927020180477622,14.0,0.7752979140212684,14.0,3.506529558925772,14.0,0.1720430082014836,0.005941352279886653,79.44248519202168,0.8783783783783784,74.0,0.0535595926438749,0.10183448344476836,0.7946890270567286,0.32907935932170057,4.295722101339712,0.022597649953178534,0.0013464958396503135
0.037320733070373535,191598,191601,8.134066543923755,0.46327792111393995,1241,1244,16063.0,1493.5628336704553,1493.5670003771793,0.004166706723935931,0.3758308139288783,77.0,0.924485377669326,77.0,0.5370447350058327,77.0,0.04036919779570876,0.0077585840663546915,21.642894202557414,0.6206896551724138,58.0,0.19060636623657798,0.13352519819323594,0.4915557172126266,0.48945319317801955,4.151205513099162,0.005830600750185129,0.007101412799903935
0.1453855037689209,204013,204026,52.376726703615574,0.5067984232319339,12426,12439,16063.0,1510.8060777958585,1510.8241335958714,0.018055800012916734,0.8927020180477622,14.0,0.7752979140212684,14.0,3.506529558925772,14.0,0.18752211393791085,0.005149193728299311,58.67212759097097,0.9402985074626866,67.0,0.0535595926438749,0.10183448344476836,0.7946890270567286,0.2387211518300628,3.1830597953730813,0.024630812571506924,0.0011669679908023873
0.02654409408569336,228798,228806,14.635520831680106,0.5433597956007303,97,105,14309.0,1545.2302206067209,1545.241331924823,0.011111318102166479,0.5445205235499798,30.0,0.9035445517787387,30.0,0.9702019961520139,30.0,0.02937773686249122,0.011452582190343718,26.877813045988447,0.7575757575757576,33.0,0.1208017859650071,0.12446428811491522,0.3471584209325834,0.4351941398892446,3.2920389389063236,0.0040468166155382635,0.0040979717260625015
0.01680779457092285,231160,231164,4.788525731083114,0.36230032981708926,2452,2456,14309.0,1548.5108373932308,1548.5163930518602,0.005555658629418758,0.3991474678930399,54.0,0.9258161470701358,54.0,0.5294316445233782,54.0,0.018154570563619223,0.010493627811802315,11.996883648943257,0.4166666666666667,24.0,0.17525636997651114,0.20757786749435622,0.4017718589891932,0.5036101551853349,2.1335170738818636,0.004070448603427098,0.007963340304835797
0.02226567268371582,233696,233700,6.563374613522996,0.49832175227809117,4981,4985,14309.0,1552.0331237839825,1552.0386794381031,0.005555654120598774,0.5127554318027934,40.0,0.9040305750131664,40.0,0.7983207233715424,40.0,0.024629335886556206,0.006959175626978113,12.800204944581223,0.71875,32.0,0.11519177830235147,0.14598803991740064,0.32197017065512273,0.4568034093991743,1.5564096610416236,0.003977286355047525,0.0028067002379372104
0.013489961624145508,239785,239789,5.608110157092138,0.49297111543400346,8724,8728,14309.0,1560.4902140720583,1560.4957697312684,0.005555659210131125,0.17729501918333218,78.0,0.9640377520020171,78.0,0.19535171571187065,78.0,0.013993188125808253,0.028439264993839686,31.631515554833854,0.6666666666666666,18.0,0.12195132064831116,0.13759638465886803,0.226479111953434,0.48507125007266594,3.8888772269730136,0.001997237236782599,0.03297078531889142
0.020308613777160645,244414,244419,7.298831652321724,0.305548777676936,13338,13343,14309.0,1566.9194952344262,1566.9264397920247,0.0069445575984445895,0.5127554318027934,40.0,0.9040305750131664,40.0,0.7983207233715424,40.0,0.022464520933780218,0.008698956941911376,14.234528197311944,0.5833333333333334,36.0,0.11519177830235147,0.14598803991740064,0.32197017065512273,0.5,1.6679263073579,0.003627699625931595,0.0035083702190269487
0.12715744972229004,271288,271301,130.38238183648582,4.391639042071462,2823,2836,13204.0,1604.2496586018449,1604.267714377432,0.018055775587072276,0.35524382287221523,71.0,0.9918079774533556,71.0,0.4774438755996647,71.0,0.12820773033988853,0.03781758759476054,367.0222349886874,0.9642857142857143,28.0,0.10050659347293904,0.11042053693969753,0.2005117021460008,0.1889822365046136,37.148653284801384,0.014273696870537854,0.015882220397438158
0.177559494972229,102541,102544,32.27463779676482,1.2338564268282453,9992,9995,18018.0,1369.8744508854254,1369.878617533084,0.004166647658621514,0.568748005238268,132.0,0.8185737511993753,132.0,1.0072996148383366,132.0,0.21691325273021353,0.004136453143874405,56.74681493299282,0.5387647831800263,761.0,0.19622614016951978,0.15974408581530702,0.8723646925047223,0.4988228760848005,11.203359726293938,0.04233046711776733,0.0035823459294137827
0.03412353992462158,106547,106550,11.640124582880283,1.289543066324449,13935,13938,18018.0,1375.4383099318563,1375.4424765713072,0.004166639450886578,0.3834480657906443,898.0,0.8871776264763658,898.0,0.47171167790635116,898.0,0.0384630302954677,0.008833021623250507,30.356456640038395,0.5681186283595923,1079.0,0.22065665314490499,0.2266169953187335,0.6113682310005369,0.49556781474646644,6.821353918695866,0.009824837886220648,0.01144815584842964
0.08402407169342041,106969,106985,108.13833331931862,3.305620018696868,14345,14361,18018.0,1376.024417133207,1376.0466392037645,0.022222070557518236,0.3630651486661908,752.0,0.9644516582248759,752.0,0.49740173641667174,752.0,0.08712108168082902,0.0446763027359094,297.84828898227056,0.6300813008130082,492.0,0.1586440208386316,0.11740134567251888,0.5881758710696317,0.4832737914800493,47.3673354500148,0.010605126901435552,0.05282957688722559
0.03776538372039795,106995,106999,16.048698214485867,1.6884234815746584,14370,14374,18018.0,1376.060527997747,1376.0660835152685,0.005555517521543152,0.3834480657906443,898.0,0.8871776264763658,898.0,0.47171167790635116,898.0,0.04256800734526189,0.011777358462272557,41.853642373692836,0.6217264791464597,1031.0,0.22065665314490499,0.2266169953187335,0.6113682310005369,0.48519171155159735,9.388357491308938,0.010873396300133153,0.015264202999799917
0.12132120132446289,109949,109963,124.23652863825019,3.012905722146371,17237,17251,18018.0,1380.1632724331696,1380.1827166868754,0.01944425370584213,0.3630651486661908,752.0,0.9644516582248759,752.0,0.49740173641667174,752.0,0.1257929314443411,0.03909164822366793,342.1879767162,0.6262230919765166,511.0,0.1586440208386316,0.11740134567251888,0.5881758710696317,0.48427955499616504,54.36962114655607,0.015312596854090456,0.04622574181414305
0.04273855686187744,93517,93530,28.601204241338777,0.5898405752517719,2144,2157,18018.0,1357.3404832488206,1357.3585385162153,0.01805526739462948,0.6394663664897703,44.0,0.8929407048650724,44.0,1.2010820442078471,44.0,0.047862704241190844,0.015032501303054214,44.72667483411158,0.7717391304347826,92.0,0.12405258430029183,0.14650641243501783,0.364869173362912,0.4220114281449613,5.579723634796939,0.007852921307775703,0.004566629191130533
0.062370896339416504,96203,96220,51.893643840286714,1.094253821296254,4795,4811,18018.0,1361.0709782750855,1361.0945889932825,0.023610718197005554,0.725676034539334,10.0,0.8835441293672188,10.0,1.6951892417370376,10.0,0.0705917160969488,0.013928072226798684,71.51075875508178,0.975,80.0,0.04519071255685626,0.07139326379581602,0.21278232333476346,0.15710997518871125,3.4118577204478795,0.005704042210906012,0.0017482694527696544
0.01475059986114502,96680,96683,3.7657866440514614,0.31618008689560473,5239,5242,18018.0,1361.7334671863434,1361.737633782837,0.004166596493632824,0.5454356486709789,117.0,0.8354101857231641,117.0,0.9064766680036884,117.0,0.017656715363574743,0.004596474063484522,6.904181369932941,0.4921875,128.0,0.18076944307157075,0.22687460841940138,1.2260654734277077,0.5019033653891717,1.2874921919228697,0.004795082047768208,0.0062170140144427845
0.21214711666107178,96696,96711,94.61247737986452,0.6961909191143739,5255,5270,18018.0,1361.7556890342114,1361.7765220164354,0.02083298222396479,0.9069086535688564,50.0,0.8346752675637531,50.0,3.731954190590347,50.0,0.25416724911507915,0.005582325280544047,104.32415327337168,0.8356164383561644,146.0,0.03107763122232221,0.09445221550405787,0.5033337145028913,0.3718990827199186,3.316052263791178,0.028761676211590124,0.0007528957686844383
0.24147546291351318,98561,98582,137.97948207743983,0.8819696245251543,7088,7109,18018.0,1364.3459217939997,1364.3750879340698,0.02916614007017415,0.9294869272526316,54.0,0.8612711919835928,54.0,4.273697422087679,54.0,0.2803709971505854,0.006824568327985804,148.4469313466067,0.825503355704698,149.0,0.032107227797142986,0.10033901501033221,0.6558196232746227,0.38081604454901913,4.847135048035439,0.03266352102961121,0.0010472631512797232
0.04599261283874512,107289,107294,14.507323181691287,0.4472443093319991,14647,14652,18018.0,1376.4679247245406,1376.4748690484262,0.006944323885591075,0.5454356486709789,117.0,0.8354101857231641,117.0,0.9064766680036884,117.0,0.05505392874631053,0.007660786130198355,26.59768061922642,0.4921875,128.0,0.18076944307157075,0.22687460841940138,1.2260654734277077,0.5019033653891717,4.828804427748496,0.014951144646933767,0.01036168464681525
0.023248910903930664,109314,109319,11.28231924182973,0.8553718882686216,16606,16611,18018.0,1379.2803743748143,1379.2873186896388,0.006944314824522735,0.5454356486709789,117.0,0.8354101857231641,117.0,0.9064766680036884,117.0,0.027829336176701615,0.0076607761342782615,20.684968555539943,0.4921875,128.0,0.18076944307157075,0.22687460841940138,1.2260654734277077,0.5019033653891717,3.835799047013748,0.007557688253699721,0.010361671126718226
0.09640383720397949,136814,136827,82.77036279714034,2.671800343584529,4495,4508,14058.0,1417.4785479460397,1417.4966039188307,0.018055972790989472,0.3441845263807937,401.0,0.9607112802523872,401.0,0.4454347976585107,401.0,0.10034631547019347,0.04053561348575185,240.48252159240332,0.7472527472527473,273.0,0.16411020191986436,0.11758769448845525,0.3766910498943745,0.4353853919924732,39.5559714452638,0.01228203741237579,0.034279770871800196
0.08847701549530029,133574,133585,73.85572237589946,2.786181425744762,1321,1332,14058.0,1412.9753756321227,1412.990653197426,0.015277565303222218,0.42249852848778235,48.0,0.9699094216163561,48.0,0.6145652630422536,48.0,0.09122193632045883,0.02485914226195344,174.80705232334364,1.0,25.0,0.0969080217309141,0.10976022937450813,0.2042532979352203,0.0,17.16780048706048,0.010323170835720326,0.00826203838093547
0.20125317573547363,271858,271864,53.47244613637164,0.5828155195112995,3393,3399,13204.0,1605.0379946403975,1605.0463281229247,0.008333482527177694,0.8834607708874784,8.0,0.7213344880479745,8.0,3.2916683135645792,8.0,0.2790011833207796,0.0025316896276688598,60.52611264522364,0.9264705882352942,68.0,0.0589801396476853,0.13843895674047746,1.036529607444705,0.26294409317754647,3.6171012412606305,0.05354607798222811,0.0007972161852169409
0.029012560844421387,274069,274074,13.670158364131154,0.8198505655357927,5594,5599,13204.0,1608.1088789435191,1608.1158234921138,0.006944548594674416,0.31016366842665977,55.0,0.9369613075661632,55.0,0.4057832067365632,55.0,0.030964523945800904,0.017113937884528713,44.074015610772776,0.37777777777777777,45.0,0.16875558246303382,0.16437770122510095,0.6907218937230407,0.4903101471559001,7.48278520150187,0.005432323858667904,0.029131248874807194
0.051644325256347656,279143,279163,70.59618227209934,1.5715944385174991,7076,7096,13204.0,1615.1561848012705,1615.1839628990201,0.027778097749660446,0.4126093362186953,59.0,0.9615943395469062,59.0,0.6131107973155033,59.0,0.05370697718611983,0.045306815458619296,171.0969095344979,0.9767441860465116,43.0,0.11371615369110341,0.16702998634087143,0.18960466365529663,0.15249857033260467,19.519851916001297,0.009328960557353097,0.01401114373443915
0.0509263277053833,279173,279176,11.22010234156754,0.5901890910167448,7106,7109,13204.0,1615.19785194778,1615.2020186622688,0.004166714488746948,0.31016366842665977,55.0,0.9369613075661632,55.0,0.4057832067365632,55.0,0.05435264753639483,0.010268326583194466,36.17477958808901,0.8181818181818182,44.0,0.16875558246303382,0.16437770122510095,0.6907218937230407,0.390153653257413,6.13315876313827,0.009535466603992963,0.017478687794774246
0.11636602878570557,284000,284010,53.96811016238784,0.7308864544718487,11919,11929,13204.0,1621.902080857399,1621.9159698360752,0.013888978676277475,0.8197710204300565,23.0,0.8103205352336782,23.0,2.506305959952743,23.0,0.14360493622705517,0.005541613393657395,65.83315196245394,0.8461538461538461,39.0,0.10242772904608584,0.19210901065097308,0.9608861498953404,0.36551776819519555,6.782634846443587,0.034045542502782494,0.002124584804538512
0.02205336093902588,284449,284452,5.458634229263833,0.41921797970685776,12368,12371,13204.0,1622.5256957627369,1622.5298624532436,0.004166690506735904,0.31016366842665977,55.0,0.9369613075661632,55.0,0.4057832067365632,55.0,0.023537109548644394,0.010268267482643615,17.599205790134516,0.37777777777777777,45.0,0.16875558246303382,0.16437770122510095,0.6907218937230407,0.4903101471559001,2.9994051420831846,0.0041292803980769845,0.017478587194148774
2.425363540649414,81083,81126,1622.637595930994,4.183170980054207,9368,9411,17805.0,1340.071716563175,1340.1314389401898,0.05972237701485028,0.9663597150000363,48.0,0.9109529832366192,48.0,5.783457808217963,48.0,2.662446454735884,0.010326413539316945,1679.1237990823458,0.9471698113207547,265.0,0.00679406627127207,0.05346335687532097,0.3241192043489152,0.22411760777657475,12.150850649781638,0.15625759791161925,0.0005787176203456337
0.18352961540222168,83396,83416,240.7249902179226,4.335239829836858,11653,11673,17805.0,1343.284226463416,1343.3120043211652,0.027777857749242685,0.7646247508559191,13.0,0.8877504797724356,13.0,2.0830080471063703,13.0,0.2067355857124035,0.013335453882586076,314.82761962447023,0.5893536121673004,263.0,0.10280141943497532,0.13938022151387075,0.3926598430990604,0.4928890919100619,32.653786989374744,0.032458277847150205,0.002513815170548695
0.06588494777679443,119271,119275,18.24847749173479,1.1629363049269137,4897,4901,12835.0,1393.1140986426362,1393.119654154456,0.005555511819693493,0.5161512859026507,22.0,0.900647755120354,22.0,0.8434234912700067,22.0,0.07315284738370352,0.006586859243543404,35.35490076290649,0.48,25.0,0.11491478655039347,0.11841071804622474,0.25988341221389466,0.5099019513592785,4.2259640079649925,0.009617612586701789,0.0020296037206730894
0.03711092472076416,273182,273185,11.333999848403241,1.35280937647071,4707,4710,13204.0,1606.8745410210945,1606.8787077509478,0.004166729853295692,0.14324600213301433,153.0,1.007158612583657,153.0,0.15462686587197125,153.0,0.03684715024733171,0.026946998051074013,79.12262596954572,0.475,40.0,0.1483461392006468,0.16508462700000628,0.23532743647753196,0.5057363253408151,11.815237897697804,0.006039662450971381,0.04101077737276817
0.03713333606719971,186537,186540,10.277940374846427,1.135096036901971,11626,11629,13998.0,1486.5375951685908,1486.5417617140972,0.004166545506450348,0.10102732612029604,49.0,0.922118781882073,49.0,0.10562238141333044,49.0,0.04026958001160048,0.039447562634906605,101.73426111078302,0.72,50.0,0.10440584516757917,0.19457616695528554,0.14772156513196902,0.4535573676110726,10.682131055785328,0.008497278959619393,0.05517065242324043
0.6932388544082642,87843,87848,317.2290482421962,13.05013830626972,15331,15334,17805.0,1349.4615685718488,1349.4685129915604,0.0069444197115444695,0.5590207124515192,123.0,0.8286151747469894,123.0,0.9104343792436294,123.0,0.8366234116095432,0.00762758949998544,567.4727987287372,0.5329341317365269,167.0,0.11549971363564239,0.1394202534972058,0.4070894357782996,0.5004146610408544,66.82951329535076,0.140767694924143,0.003410581999855079
0.03858757019042969,162530,162537,23.88208615703099,1.6893345655714798,9049,9056,16349.0,1453.1962734845329,1453.2059955777165,0.009722093183654579,0.23646556095183838,110.0,0.9902111986500526,110.0,0.2878210436188835,110.0,0.03896903028670634,0.03377825700794842,100.99604382515187,0.5576923076923077,52.0,0.12557410582190326,0.14726237305828843,0.19577735634559973,0.5015060275070905,12.794504698445623,0.005795401913878753,0.022976144398027257
0.22101449966430664,166807,166813,56.40578150211226,1.2280259523704995,13312,13318,16349.0,1459.1364310584927,1459.1447641718573,0.008333113364642486,0.8117171267906085,17.0,0.7653432205286752,17.0,2.48137337697532,17.0,0.2887782810849709,0.0033582666123387556,69.48945592060024,0.9019607843137255,51.0,0.07099253269887676,0.10882782856371098,0.8086707997645287,0.30032661958503204,5.08378110850953,0.041062770824741204,0.001094447201062844
0.06558191776275635,168476,168483,36.06190361843948,1.3984692242006975,14974,14981,16349.0,1461.454420067732,1461.4641419886211,0.009721920889205649,0.5306871505258811,69.0,0.89644421129614,69.0,0.9267206473947289,69.0,0.07315783507367798,0.01049067042645126,67.95322551658573,0.851063829787234,47.0,0.12666473204110046,0.1828762001299558,0.5899976281160321,0.3598745798587226,8.720145369837253,0.014924327380801777,0.006678895831611803
0.016662120819091797,168489,168492,5.60495651535591,0.21962358971699728,14987,14990,16349.0,1461.472475063335,1461.476641600926,0.004166537591117958,0.23646556095183838,110.0,0.9902111986500526,110.0,0.2878210436188835,110.0,0.016826835367856008,0.014476139543969738,23.70305634695569,0.37037037037037035,54.0,0.12557410582190326,0.14726237305828843,0.19577735634559973,0.4874382900970034,2.984581691354126,0.002502455749551002,0.009846744679868328
0.08961999416351318,152217,152220,21.32983004677707,1.7113235243276834,166,169,16349.0,1438.871455226927,1438.8756219221423,0.004166695215189975,0.34954795211080364,256.0,0.9430270785219202,256.0,0.4425751424539415,256.0,0.0950343804591291,0.009414661637088217,61.02118441253433,0.4043478260869565,230.0,0.18243912954177405,0.1551884834680066,0.3739587198531322,0.4918357563656743,11.263417047623884,0.015639255453713877,0.007955021590536572
0.022803187370300293,162254,162257,7.384594519999389,0.8890576799405857,8773,8776,16349.0,1452.8116733784104,1452.8158400093662,0.004166630955751316,0.34954795211080364,256.0,0.9430270785219202,256.0,0.4425751424539415,256.0,0.024180840497222522,0.009414516442673765,21.12612726066991,0.4043478260869565,230.0,0.18243912954177405,0.1551884834680066,0.3739587198531322,0.4918357563656743,3.955443076843511,0.003979300331043987,0.007954898906923894
0.0723414421081543,164228,164231,19.672381524731385,1.4276239706669538,10740,10743,16349.0,1455.5533091799603,1455.5574757894942,0.004166609533967858,0.34954795211080364,256.0,0.9430270785219202,256.0,0.4425751424539415,256.0,0.07671194577099597,0.0094144680400831,56.279493002137265,0.4043478260869565,230.0,0.18243912954177405,0.1551884834680066,0.3739587198531322,0.4918357563656743,10.366356373515705,0.012624038905372857,0.007954858008624133
0.0591350793838501,287114,287121,20.48258866795929,0.4556348020012523,654,661,18704.0,1626.2257837513116,1626.2355060327295,0.009722281417907652,0.555834553369587,43.0,0.9255644319211658,43.0,1.0081121456505064,43.0,0.06389082957855804,0.009644047499927835,36.85015360018461,0.9534883720930233,43.0,0.15443694653782258,0.15962448414738828,0.4368098492229526,0.21308263231644636,5.709235580747504,0.011018725829877911,0.004178716576838967
0.022336244583129883,288454,288459,10.300346220689509,0.46229042755022864,1993,1998,18704.0,1628.0869063929772,1628.0938508797544,0.006944486777229031,0.555834553369587,43.0,0.9255644319211658,43.0,1.0081121456505064,43.0,0.024132565829876614,0.006888605406839879,18.53131684283862,0.8333333333333334,48.0,0.15443694653782258,0.15962448414738828,0.4368098492229526,0.37662178857735473,2.899016809224954,0.004161945121152892,0.0029847975764407775
0.029097795486450195,289265,289276,17.990830864061675,0.6299577633330031,2724,2735,18704.0,1629.2133019627618,1629.2285798284556,0.015277865693860804,0.555834553369587,43.0,0.9255644319211658,43.0,1.0081121456505064,43.0,0.03143789290395785,0.015154926720977482,32.367240854310765,0.8333333333333334,48.0,0.15443694653782258,0.15962448414738828,0.4368098492229526,0.37662178857735473,5.038236490393273,0.005421834790106256,0.0065665524262714684
0.02126634120941162,291633,291637,5.246452719757446,0.3986950829183934,5049,5053,18704.0,1632.502207722086,1632.507763302288,0.005555580201871635,0.555834553369587,43.0,0.9255644319211658,43.0,1.0081121456505064,43.0,0.022976618888940804,0.005510875179751728,9.43887472981364,0.8333333333333334,48.0,0.15443694653782258,0.15962448414738828,0.4368098492229526,0.37662178857735473,1.5112508413281625,0.003962588460735817,0.0023878340983587323
0.006548166275024414,299025,299029,2.4282688279302427,0.1787145639102675,11594,11598,18704.0,1642.7688935718743,1642.7744491370586,0.005555565184295119,,,,,,,,,,,,,,,,,,
0.014290809631347656,300143,300146,3.9370726926173845,0.3177282998231513,12696,12699,18704.0,1644.3216736526183,1644.3258403242653,0.004166671646999021,0.555834553369587,43.0,0.9255644319211658,43.0,1.0081121456505064,43.0,0.015440102426672403,0.004133142989077256,7.08317370474724,0.8333333333333334,48.0,0.15443694653782258,0.15962448414738828,0.4368098492229526,0.37662178857735473,1.1391122062472345,0.002662827459699037,0.0017908697694647528
0.24671697616577148,135675,135682,67.77416534305804,1.2877402614454088,3391,3398,14058.0,1415.898618822386,1415.9083409500265,0.009722127640543476,0.6343662886824643,48.0,0.9269997656664588,48.0,1.3133502724272683,48.0,0.2661456726349832,0.007402539782913759,106.83758981553132,0.9661016949152542,59.0,0.12210177987927781,0.11545908032766586,0.6112510477394056,0.182520824972938,13.108465284309199,0.033148805138619286,0.003445242516968561
0.09638357162475586,135692,135696,28.22792278201434,1.5856296055660806,3408,3412,14058.0,1415.9222297032668,1415.927785204842,0.005555501575145172,0.39042994198654407,73.0,0.9507462712863103,73.0,0.572344505269653,73.0,0.10137675480373318,0.00970656924980483,72.29958501232777,0.6730769230769231,52.0,0.14912301098239553,0.1375908954397347,0.3950870237894359,0.47366546671567095,10.89750656857438,0.014671126136890818,0.0067004042509408975
0.045094966888427734,135701,135708,32.586146041073405,2.2399235717375445,3417,3424,14058.0,1415.934729580996,1415.9444517081713,0.009722127175336936,0.39042994198654407,73.0,0.9507462712863103,73.0,0.572344505269653,73.0,0.04743112673733297,0.016986495171743596,83.46221059602152,0.6730769230769231,52.0,0.14912301098239553,0.1375908954397347,0.3950870237894359,0.47366546671567095,12.646088826391681,0.00686417753779431,0.011725706738209931
0.05921220779418945,140520,140523,15.831262313332008,1.2201309888235727,5645,5648,14058.0,1422.6276810721226,1422.6318476614013,0.0041665892786113545,0.39042994198654407,73.0,0.9507462712863103,73.0,0.572344505269653,73.0,0.06227971603199497,0.007279862460893755,40.54827924513439,0.6730769230769231,52.0,0.14912301098239553,0.1375908954397347,0.3950870237894359,0.47366546671567095,6.168555478049966,0.009013048123744954,0.0050252586803744646
0.12579047679901123,144287,144306,138.74647833395338,3.479137678247776,7881,7900,14058.0,1427.8595147082935,1427.8859028349534,0.02638812665986734,0.39042994198654407,73.0,0.9507462712863103,73.0,0.572344505269653,73.0,0.13230709454040063,0.046105320164530804,355.36843723613595,0.6730769230769231,52.0,0.14912301098239553,0.1375908954397347,0.3950870237894359,0.47366546671567095,53.10769478039394,0.019147328956877162,0.031826310127816254
0.07776486873626709,146741,146753,44.68045183553386,1.0537374457606505,10322,10334,14058.0,1431.2677374131051,1431.284403482439,0.016666069333950873,0.39042994198654407,73.0,0.9507462712863103,73.0,0.572344505269653,73.0,0.08179350378209242,0.02911894703365565,114.43910169439245,0.6730769230769231,52.0,0.14912301098239553,0.1375908954397347,0.3950870237894359,0.47366546671567095,17.09800484095368,0.011837060808353518,0.020100687633908574
0.09216296672821045,146787,146793,28.03475871589224,1.2339416443077489,10368,10374,14058.0,1431.3316240106662,1431.3399570448676,0.008333034201314149,0.39042994198654407,73.0,0.9507462712863103,73.0,0.572344505269653,73.0,0.09693750005826343,0.014559472703224684,71.80483795184551,0.6730769230769231,52.0,0.14912301098239553,0.1375908954397347,0.3950870237894359,0.47366546671567095,10.77861772046794,0.014028682349351276,0.010050343255327433
0.14504194259643555,147808,147814,50.88325688501101,1.756452318246516,11389,11395,14058.0,1432.7496268526609,1432.7579598659077,0.008333013246783594,0.6343662886824643,48.0,0.9269997656664588,48.0,1.3133502724272683,48.0,0.15646383954817814,0.006344852109698759,80.21116158409376,0.9152542372881356,59.0,0.12210177987927781,0.11545908032766586,0.6112510477394056,0.2808936228404367,9.950181069632125,0.019487783803030755,0.0029529803139548365
0.17803382873535156,148029,148051,210.08655305439703,3.5054895271278936,11610,11632,14058.0,1433.0565594356106,1433.087113801837,0.030554366226397178,0.6343662886824643,48.0,0.9269997656664588,48.0,1.3133502724272683,48.0,0.19205380122977228,0.0232644457977902,331.1754688142911,0.9152542372881356,59.0,0.12210177987927781,0.11545908032766586,0.6112510477394056,0.2808936228404367,40.58877506417559,0.023920561886528396,0.010827588928499941
0.057708144187927246,148968,148973,24.45930309512753,1.4372719848646618,12536,12541,14058.0,1434.3606740722585,1434.3676182332772,0.00694416101873685,0.39042994198654407,73.0,0.9507462712863103,73.0,0.572344505269653,73.0,0.06069773390733484,0.012132834254196596,62.647098659176365,0.6730769230769231,52.0,0.14912301098239553,0.1375908954397347,0.3950870237894359,0.47366546671567095,9.452038470177738,0.008784105509216315,0.008375244859497068
0.022693514823913574,229526,229536,13.981492854623347,0.6961170166555057,825,835,14309.0,1546.2469367056974,1546.2608257676936,0.013889061996223973,0.2706605499095608,99.0,0.9888574072964259,99.0,0.30668991479151586,99.0,0.022949228732541443,0.04528698638709914,51.65692916568432,0.8857142857142857,35.0,0.19426328490812808,0.17463839004055284,0.48576457215522123,0.32280285109067564,10.059160103859849,0.004052977030814745,0.07172982385639604
0.022460222244262695,235564,235578,24.672291421810364,0.9235558957721804,6842,6856,14309.0,1554.6330790040117,1554.6525232923866,0.019444288374870666,0.29468852037466137,64.0,0.9748466096541806,64.0,0.4186036156566391,64.0,0.02303975007127561,0.04645035935575841,83.72328650753848,0.8857142857142857,35.0,0.08508200956986085,0.07922569256265083,0.15103937836756706,0.32280285109067564,7.182966385138756,0.001872438328030622,0.016760087920020768
0.08681023120880127,239689,239702,63.436710548371984,0.7775406201958877,8628,8641,14309.0,1560.362191773526,1560.380247131673,0.018055358146966682,0.83755435443599,10.0,0.8137400568893254,10.0,2.634741843001456,10.0,0.1066805430970791,0.006852799713537894,75.74041041323262,0.8888888888888888,45.0,0.05894295703636758,0.1275217051797007,0.7783874894788959,0.31782086308186414,4.531568511013903,0.0167179735716099,0.0020245374624050065
0.012460827827453613,114310,114318,5.52867749826185,0.21617643448226062,45,53,12835.0,1386.2243842800535,1386.2354956087001,0.011111328646620677,0.5660771202353571,97.0,0.8458425173306464,97.0,1.005296616352267,97.0,0.014731853237619384,0.011052786278082077,9.766650692335347,0.65,100.0,0.1607086348263062,0.17564953203787217,0.7688050862890949,0.47937248544110217,1.5844019804589788,0.0030592492978535474,0.00845266776992535
0.013577938079833984,114429,114438,7.074358580007116,0.11060324239904565,163,172,12835.0,1386.3896652657822,1386.4021655062588,0.012500240476583713,0.6641692881210615,38.0,0.9074287026347568,38.0,1.3644551080402552,38.0,0.014963090808577995,0.009161342431073168,10.651438882427875,0.65,100.0,0.2717411709984372,0.13670595476785014,0.7680798650915794,0.47937248544110217,2.896546910673171,0.002254219653098229,0.005157108223679896
0.004794001579284668,115105,115108,1.418977672199226,0.11917462836576938,834,837,12835.0,1387.3285714041174,1387.3327381433376,0.004166739220181626,0.5660771202353571,97.0,0.8458425173306464,97.0,1.005296616352267,97.0,0.005667723578632375,0.004144785879515538,2.5066861412968957,0.65,100.0,0.1607086348263062,0.17564953203787217,0.7688050862890949,0.47937248544110217,0.42010424722902867,0.0011769720413778034,0.003169743550230124
0.05748248100280762,115182,115191,17.46374401784594,0.17013645625840607,909,918,12835.0,1387.4355177115417,1387.448017927805,0.012500216263333641,0.9218286835670451,44.0,0.7017910081487518,44.0,4.016614776272666,44.0,0.08190826091437127,0.0031121272413715457,18.94467413431901,0.8378378378378378,148.0,0.05944903483173056,0.15141582301784146,0.7552971337695112,0.36985112014912885,1.1390209791219024,0.01767222234868083,0.0005852143947733105
0.002797365188598633,115277,115282,1.3297117097681213,0.130922308679351,1004,1009,12835.0,1387.5674644268133,1387.574408989697,0.006944562883745675,0.5660771202353571,97.0,0.8458425173306464,97.0,1.005296616352267,97.0,0.0033071938703515434,0.006907973995718916,2.3489939130824946,0.65,100.0,0.1607086348263062,0.17564953203787217,0.7688050862890949,0.47937248544110217,0.3995617883231005,0.0006867792098214978,0.0052829040279993465
0.0053560733795166016,115532,115535,1.8126596419719547,0.14107066064843843,1244,1247,12835.0,1387.921637037936,1387.9258037734307,0.004166735494663953,0.5660771202353571,97.0,0.8458425173306464,97.0,1.005296616352267,97.0,0.006332234747928698,0.004144782173626538,3.2021425653421707,0.65,100.0,0.1607086348263062,0.17564953203787217,0.7688050862890949,0.47937248544110217,0.5335976020109944,0.001314965903744988,0.0031697407161349264
0.004880070686340332,115546,115561,5.521249909476481,0.08006793790386088,1257,1272,12835.0,1387.9410818026463,1387.9619154782574,0.020833675611129365,0.6641692881210615,38.0,0.9074287026347568,38.0,1.3644551080402552,38.0,0.005377910872965385,0.015268861165430673,8.31301598587331,0.975609756097561,41.0,0.2717411709984372,0.13670595476785014,0.7680798650915794,0.15617376188860604,2.260407223215802,0.0008101930635547164,0.008595156231186205
0.010629653930664062,115689,115698,4.7962818992181795,0.15375660739437588,1400,1409,12835.0,1388.1396961461373,1388.152196347499,0.0125002013617177,0.6641692881210615,38.0,0.9074287026347568,38.0,1.3644551080402552,38.0,0.011714037587526625,0.009161313764050133,7.2214749838657655,0.65,100.0,0.2717411709984372,0.13670595476785014,0.7680798650915794,0.47937248544110217,1.9683864532546584,0.0017647432662639408,0.0051570920864225725
0.025007247924804688,115775,115779,6.091157336233019,0.12237230570886894,1486,1490,12835.0,1388.2591425021878,1388.264698146255,0.005555644067044341,0.818113102651344,75.0,0.7152689294441046,75.0,2.41412879923022,75.0,0.03496202182896427,0.002301303919167792,7.445373159888008,0.7831325301204819,166.0,0.1235034942200717,0.22954932148995913,1.4946220040749145,0.4133585360180846,0.9276366036082001,0.011220267032979027,0.0014247704914289495
0.029839396476745605,115917,115938,14.45886188267681,0.2472769813734254,1628,1649,12835.0,1388.4563678281424,1388.4855349482004,0.02916712005799127,0.8234430136656722,69.0,0.9227232841048012,69.0,2.4156323816736567,69.0,0.032338401978979976,0.012074320695180862,17.55903158168913,0.7831325301204819,166.0,0.12236764598409992,0.10292382166979551,0.6791127743069106,0.4133585360180846,2.162839420291948,0.0036071398388952593,0.003394483981662152
0.05962216854095459,116127,116145,26.390586785260197,0.21273748762176745,1836,1854,12835.0,1388.7480389658626,1388.7730393425095,0.025000376646858058,0.9227801541991651,47.0,0.8287253108758444,47.0,4.0033753645557475,47.0,0.07194442809758334,0.006244824521877512,28.598996917270366,0.8378378378378378,148.0,0.06734168175523905,0.08593912003194344,0.7025236385797259,0.36985112014912885,1.9376185306188694,0.007460663697327354,0.0010958594800385712
0.023272395133972168,116247,116253,6.145225180104685,0.12620340224560195,1955,1961,12835.0,1388.914708123955,1388.9230415809743,0.008333457019261914,0.818113102651344,75.0,0.7152689294441046,75.0,2.41412879923022,75.0,0.03253656656393435,0.003451952117020085,7.511461630658666,0.7831325301204819,166.0,0.1235034942200717,0.22954932148995913,1.4946220040749145,0.4133585360180846,0.936236773877044,0.010441872239814205,0.0021371534082010625
0.027243852615356445,116792,116799,9.686624876223862,0.13470407772547843,2492,2499,12835.0,1389.6716633194349,1389.6813856733854,0.009722353950564866,0.818113102651344,75.0,0.7152689294441046,75.0,2.41412879923022,75.0,0.038088964155803505,0.00402727226221939,11.840202589142518,0.8773006134969326,163.0,0.1235034942200717,0.22954932148995913,1.4946220040749145,0.3291028983702068,1.4684975903062938,0.012223788170157504,0.002493342418777732
0.022747397422790527,117385,117399,8.664285153289391,0.19823104108631118,3060,3074,12835.0,1390.4952851051798,1390.5147297893313,0.019444684151494585,0.8258947914297402,63.0,0.8290878159030306,63.0,2.4043564854061805,63.0,0.02743665627025816,0.008087271695989662,10.490785561548698,0.7831325301204819,166.0,0.1501602855690513,0.13737506420337176,1.0728606054302534,0.4133585360180846,1.5877227736372652,0.004546095533375187,0.0036086642146048705
0.07840776443481445,119177,119195,26.30916176722163,0.09157783655468447,4803,4821,12835.0,1392.9842003785998,1393.0092006048403,0.025000226240535994,0.9419659463268883,57.0,0.8180132284130426,57.0,4.4968827383341425,57.0,0.09585146267979877,0.005559457005053518,27.930056144611008,0.8655913978494624,186.0,0.07141825683912906,0.1003023511144562,0.9150515355604135,0.342011418698554,1.9968169957919155,0.011753021504548182,0.001131270252166027
0.004646897315979004,119579,119588,4.28644983446468,0.3104815292341033,5204,5213,12835.0,1393.5425386280203,1393.5550387348533,0.012500106832931124,0.6641692881210615,38.0,0.9074287026347568,38.0,1.3644551080402552,38.0,0.005120950331950648,0.009161244484536268,6.453851316418243,0.65,100.0,0.2717411709984372,0.13670595476785014,0.7680798650915794,0.47937248544110217,1.7810482717190939,0.0007714814424707819,0.005157053087558227
0.0038121938705444336,120381,120384,1.3061681781090346,0.14106435172765597,5998,6001,12835.0,1394.65643684406,1394.6606035460272,0.004166701967278641,0.5660771202353571,97.0,0.8458425173306464,97.0,1.005296616352267,97.0,0.004506978299666411,0.004144748822887297,2.307403234326042,0.65,100.0,0.1607086348263062,0.17564953203787217,0.7688050862890949,0.47937248544110217,0.39674468453959316,0.0009359291038473397,0.0031697152110078393
0.004004478454589844,120581,120584,1.275498041677599,0.1370700611271753,6186,6189,12835.0,1394.9342169989668,1394.9383837018654,0.0041667028986012156,0.5660771202353571,97.0,0.8458425173306464,97.0,1.005296616352267,97.0,0.0047343073592793425,0.004144749749303003,2.253223096434788,0.65,100.0,0.1607086348263062,0.17564953203787217,0.7688050862890949,0.47937248544110217,0.387186773445072,0.0009831367602626674,0.003169715919488397
0.017149686813354492,122266,122277,11.380163113365166,0.19354935466637654,6666,6677,12835.0,1397.2745164200624,1397.2897942951454,0.015277875083029357,0.6641692881210615,38.0,0.9074287026347568,38.0,1.3644551080402552,38.0,0.01889921132487838,0.011197052210074337,17.13443141214751,0.65,100.0,0.2717411709984372,0.13670595476785014,0.7680798650915794,0.47937248544110217,4.660151518893964,0.0028472041065321983,0.0063030511595868035
0.008102774620056152,122517,122523,3.119460816845768,0.17565445065167867,6916,6922,12835.0,1397.623129534256,1397.6314629102512,0.00833337599533479,0.5660771202353571,97.0,0.8458425173306464,97.0,1.005296616352267,97.0,0.009579531004929035,0.008289469853755765,5.510664016148178,0.65,100.0,0.1607086348263062,0.17564953203787217,0.7688050862890949,0.47937248544110217,0.9028631373684107,0.0019893066424093164,0.0063394091679449035
0.011614441871643066,122537,122540,3.1488289519774284,0.1622040632804286,6936,6939,12835.0,1397.6509074533092,1397.655074140841,0.004166687531778734,0.5660771202353571,97.0,0.8458425173306464,97.0,1.005296616352267,97.0,0.013731210755752173,0.004144734463443853,5.562544111777993,0.65,100.0,0.1607086348263062,0.17564953203787217,0.7688050862890949,0.47937248544110217,0.9085453984097054,0.0028514536620514236,0.0031697042295592043
0.01754903793334961,123094,123099,5.734750132965672,0.16258660030773986,7489,7494,12835.0,1398.4245215167057,1398.4314659799381,0.006944463232457565,0.5660771202353571,97.0,0.8458425173306464,97.0,1.005296616352267,97.0,0.020747405780371233,0.006907874869464545,10.130687017665267,0.7831325301204819,166.0,0.1607086348263062,0.17564953203787217,0.7688050862890949,0.4133585360180846,1.636186971370397,0.004308452272915807,0.005282828220752704
0.006865978240966797,123550,123554,2.1307489007262603,0.10513050671956331,7924,7928,12835.0,1399.05785603412,1399.0634115952994,0.0055555611793352,0.5660771202353571,97.0,0.8458425173306464,97.0,1.005296616352267,97.0,0.008117324561355471,0.0055262905385015946,3.7640611580280123,0.65,100.0,0.1607086348263062,0.17564953203787217,0.7688050862890949,0.47937248544110217,0.6139846559507115,0.0016856616112195938,0.004226255420740974
0.006232738494873047,124281,124284,1.8506934462944749,0.11492816338615222,8652,8655,12835.0,1400.0731337429138,1400.0773004048347,0.00416666192086268,0.5660771202353571,97.0,0.8458425173306464,97.0,1.005296616352267,97.0,0.007368674862245806,0.004144708987464289,3.269330944739499,0.65,100.0,0.1607086348263062,0.17564953203787217,0.7688050862890949,0.47937248544110217,0.5378325475226481,0.0015301953552504556,0.0031696847466898214
0.040965914726257324,124384,124412,52.00035875381327,0.33505446217273455,8753,8781,12835.0,1400.2161891102205,1400.2550779406888,0.038888830468295055,0.8894889474274745,71.0,0.9105116951973324,71.0,3.44511068920118,71.0,0.04499218949338032,0.011288122204663397,58.460938614476916,0.8773006134969326,163.0,0.08533653500513647,0.0670324464932249,0.6155306576996205,0.3291028983702068,5.000092506391483,0.0033123534280077717,0.002016824976512215
0.005367636680603027,124665,124669,2.212624325088985,0.12603203544831731,9033,9037,12835.0,1400.6064661637447,1400.6120217067632,0.005555543018544995,0.5660771202353571,97.0,0.8458425173306464,97.0,1.005296616352267,97.0,0.006345905497328856,0.005526272473395327,3.9086976773925173,0.65,100.0,0.1607086348263062,0.17564953203787217,0.7688050862890949,0.47937248544110217,0.6406800320286914,0.0013178048018679185,0.0042262416053701094
0.0374300479888916,124933,124938,8.087444258330782,0.22301108635848135,9277,9282,12835.0,1400.9786874137494,1400.985631837401,0.0069444236514755175,0.9189074854634156,18.0,0.5947114772468345,18.0,3.874568430738657,18.0,0.06293816316135478,0.0017923089437219247,8.8011517876059,0.7675675675675676,185.0,0.08284824210544275,0.1858073192103241,1.179162238361509,0.42352945976666945,0.762501267743947,0.01966394095363922,0.0005454602399451203
0.00818014144897461,125080,125083,1.8281589433374776,0.11597175290151293,9424,9427,12835.0,1401.1828534338874,1401.187020086495,0.004166652607636934,0.5660771202353571,97.0,0.8458425173306464,97.0,1.005296616352267,97.0,0.009670998183905348,0.004144699723307228,3.2295227593324856,0.65,100.0,0.1607086348263062,0.17564953203787217,0.7688050862890949,0.47937248544110217,0.5318111551826213,0.002008300919541088,0.00316967766188425
0.0026701688766479492,125095,125103,1.9438009434900607,0.13426779507350242,9439,9447,12835.0,1401.2036866969256,1401.2147977699244,0.011111072998801319,0.5660771202353571,97.0,0.8458425173306464,97.0,1.005296616352267,97.0,0.003156815626949809,0.011052531977196944,3.4338094121908505,0.65,100.0,0.1607086348263062,0.17564953203787217,0.7688050862890949,0.47937248544110217,0.5679421994936601,0.000655551330469263,0.008452473292185389
0.005609989166259766,125142,125195,17.25400948694265,0.2742928054091207,9486,9538,12835.0,1401.2689642486985,1401.3425750954416,0.07361084674312224,,,,,,,,,,,,,,,,,,
0.013244152069091797,125386,125391,4.306608615928152,0.17927076162581704,9729,9734,12835.0,1401.6078518359323,1401.614796251667,0.006944415734778886,0.5660771202353571,97.0,0.8458425173306464,97.0,1.005296616352267,97.0,0.015657940807809446,0.006907827622037362,7.607812543523397,0.65,100.0,0.1607086348263062,0.17564953203787217,0.7688050862890949,0.47937248544110217,1.2357141382127503,0.003251562695438865,0.0052827920880713225
0.015240907669067383,125556,125563,5.498832184089762,0.1443006118777158,9898,9905,12835.0,1401.8439619155038,1401.8536840929692,0.009722177465391724,0.5660771202353571,97.0,0.8458425173306464,97.0,1.005296616352267,97.0,0.018018611451651102,0.009670954131596287,9.713927639052999,0.65,100.0,0.1607086348263062,0.17564953203787217,0.7688050862890949,0.47937248544110217,1.5677670420776173,0.0037417847939861283,0.007395905451883495
0.0186007022857666,127565,127572,6.321271298131508,0.16728971776520454,11866,11873,12835.0,1404.6342201495481,1404.6439422813783,0.00972213183013082,0.5660771202353571,97.0,0.8458425173306464,97.0,1.005296616352267,97.0,0.02199073929798145,0.00967090873677434,11.166802317506354,0.7831325301204819,166.0,0.1607086348263062,0.17564953203787217,0.7688050862890949,0.4133585360180846,1.8023819222982544,0.0045666456671476854,0.00739587073599026
0.039370179176330566,127794,127804,13.497959508554446,0.12136728365664019,12080,12090,12835.0,1404.9522726641912,1404.966161416498,0.013888752306684182,0.8931583801224351,57.0,0.7794002302665473,57.0,3.4387483368038843,57.0,0.05051343026017115,0.004038897571548654,15.112615868536253,0.8773006134969326,163.0,0.10169965859212075,0.15909933327527337,0.9943836280220155,0.3291028983702068,1.5417323975796935,0.010311330127644165,0.0011679289168740666
0.020444393157958984,127967,127970,3.6969617023317127,0.10242176937509301,12252,12255,12835.0,1405.1925480408354,1405.196714665038,0.004166624202525782,0.818113102651344,75.0,0.7152689294441046,75.0,2.41412879923022,75.0,0.028582806153551275,0.0017259328515754296,4.518888269055447,0.7831325301204819,166.0,0.1235034942200717,0.22954932148995913,1.4946220040749145,0.4133585360180846,0.567418844190271,0.009173002613053462,0.0010685499540633247
0.11826002597808838,118408,118411,25.436537519324645,1.091523367857756,4073,4076,12835.0,1391.910323353322,1391.9144900570936,0.004166703771716129,0.7475619861662413,41.0,0.8669993982511401,41.0,1.8243959802348773,41.0,0.13640150871688667,0.002283881249935498,34.025991141914645,0.8421052631578947,57.0,0.09948490438638248,0.14598550197548357,0.722613598931862,0.3678836036909795,3.556703379019108,0.022967308582237313,0.0009046082470190586
0.027617216110229492,127182,127185,8.967786963326997,0.9307746904452582,11492,11495,12835.0,1404.0965626619113,1404.1007293800612,0.00416671814991787,0.31327311641141264,67.0,0.9497947426673529,67.0,0.40102352529397417,67.0,0.0290770361948633,0.010390208771077498,28.62609810268513,0.4716981132075472,53.0,0.19824334538439187,0.18171299799303356,0.580934637093095,0.5039754872284373,5.750757447708371,0.005562965535987457,0.015051566257422499
0.3421311378479004,127750,127770,232.5138137243548,1.7451843660141266,12037,12057,12835.0,1404.8854611996562,1404.9132393134155,0.027778113759268308,0.8983842919276883,15.0,0.8324131824332074,15.0,3.6233785147982265,15.0,0.4110111962040593,0.0076663571431523974,258.8133116457807,0.8490566037735849,53.0,0.03571769269784697,0.08531486974869618,0.4585355760472223,0.3614195524432012,9.407505890386044,0.042124953580031474,0.0009701712019493158
0.7620962858200073,287775,287814,1552.7536491375286,35.008459218789696,1315,1354,18704.0,1627.1451754859686,1627.1993420523008,0.05416656633224193,0.36942354943303607,53.0,0.9418832278291921,53.0,0.5735352291836602,53.0,0.8091197117677218,0.09444331154572626,4203.179931329716,1.0,12.0,0.06435726813851181,0.06319556984757872,0.1693777754363204,0.0,272.76114729568445,0.05428781376425849,0.027891221324317227
0.17715108394622803,76760,76764,54.20461928725348,3.4376553061825614,5950,5954,17805.0,1334.0666512816688,1334.072206925965,0.005555644296237006,0.5577008165438391,85.0,0.8519518126589137,85.0,0.9378776198566574,85.0,0.2079355678501878,0.005923634575144372,97.19300685835131,0.5145631067961165,103.0,0.09825615159329766,0.12643480760347356,0.32517897149531216,0.5022318359651446,10.149697562954929,0.030858897327780042,0.002053830220358514
0.06859517097473145,77383,77388,36.46740951532139,2.083129711175417,6566,6571,17805.0,1334.9319427120336,1334.938887264609,0.006944552575532725,0.4071124609245228,77.0,0.8849633451747495,77.0,0.5298194333167932,77.0,0.0775118781458528,0.01310739497050572,89.5757634942113,0.4819277108433735,83.0,0.12706596241603582,0.15222007603540555,0.410769672985422,0.5027108411726375,11.571086807944646,0.013332601908702712,0.010162179805333963
0.14116215705871582,154815,154824,71.71365508912695,2.0395652286258215,2754,2763,16349.0,1442.4808091105742,1442.4933092197389,0.012500109164648165,0.5130714180553523,57.0,0.8971747543068763,57.0,0.8847896357064267,57.0,0.15734075929028166,0.014127775304090139,139.7732412398583,0.5285714285714286,70.0,0.22206338938702438,0.20056222268130985,0.8841219428014127,0.5027872622251885,31.105458221980964,0.03517331740570799,0.014117113995510681
0.22768056392669678,158786,158792,76.77784265535013,1.1882557520269827,6709,6715,16349.0,1447.9961038217314,1448.0044371339332,0.008333312201784793,0.8439905698032601,21.0,0.8050548602419653,21.0,2.7461688354614484,21.0,0.28281372508982267,0.0030345228939226954,90.97002431347966,0.9491525423728814,59.0,0.1315053560636725,0.23708821082303352,1.327957053764901,0.22157187777172208,12.021913653616279,0.08328848552953323,0.0014673956057470866
0.06768500804901123,158956,158961,27.31191374604228,1.0803025938980173,6879,6884,16349.0,1448.2322142785442,1448.2391587017319,0.00694442318763322,0.5130714180553523,57.0,0.8971747543068763,57.0,0.8847896357064267,57.0,0.07544239037499682,0.007848671489114709,53.232187147668704,0.5285714285714286,70.0,0.22206338938702438,0.20056222268130985,0.8841219428014127,0.5027872622251885,11.870181171136435,0.016865045996183856,0.007842748609759457
0.7408653497695923,163308,163317,179.83038711582597,1.3496637332571544,9827,9836,16349.0,1454.276639405177,1454.2891393271461,0.012499921969038041,0.9333793737573295,14.0,0.7894501209380322,14.0,4.048994436337093,14.0,0.9384574530044899,0.0030871669906136117,192.66591074529177,0.859375,64.0,0.06262427070647913,0.14636266553903435,1.6755369084112444,0.3503824441133676,12.14081472548699,0.17398836313243388,0.0012775177433638077
0.21335983276367188,133333,133337,51.403966724605915,2.285151497115122,1080,1084,14058.0,1412.6455014721123,1412.6510571785795,0.005555706467248456,0.5179174754252587,58.0,0.8401671929820832,58.0,0.8373210745447115,58.0,0.25394925503621973,0.006635096901471564,99.25126909919085,0.8461538461538461,65.0,0.11743654920343408,2.112406434473442,0.3420347934518566,0.3636090461767123,11.877620919394978,0.6384967716535054,0.0027103509838945256
0.1005852222442627,136253,136256,33.50033647282531,3.336257317804526,3969,3972,14058.0,1416.701145769716,1416.7053125080058,0.004166738289768546,0.2756604610475995,119.0,0.9602255524169134,119.0,0.32846466741437885,119.0,0.10475166172269317,0.012685499242790528,121.52753552509172,0.3333333333333333,45.0,0.15586758476383458,0.16850538483667324,0.2782360665426592,0.47673129462279623,19.233764172078033,0.018382367586901677,0.010745641043306347
0.3690286874771118,137225,137251,434.88547851602556,7.53411303102625,4906,4932,14058.0,1418.0511671282254,1418.087278759485,0.03611163125947314,0.6126475745372496,45.0,0.9571395257292624,45.0,1.2362624562497802,45.0,0.38555370200174527,0.02921032752949426,709.8460788725183,1.0,50.0,0.09466864444277469,0.07947492309215587,0.23799005838425275,0.0,67.62118881161256,0.03201398541256364,0.005623213354917992
0.20758366584777832,140253,140256,48.24780317592701,2.1264514599410433,5378,5381,14058.0,1422.2567674941245,1422.260934193764,0.004166699639426952,0.5179174754252587,58.0,0.8401671929820832,58.0,0.8373210745447115,58.0,0.24707423424971212,0.004976226881298277,93.15731842473755,0.8461538461538461,65.0,0.11743654920343408,2.112406434473442,0.3420347934518566,0.3636090461767123,11.144820103102957,0.621211119145449,0.0020327241069859714
0.08816683292388916,142074,142077,25.128533890755236,2.846099420776834,5688,5691,14058.0,1424.7859613601206,1424.7901280714018,0.004166711281186508,0.2756604610475995,119.0,0.9602255524169134,119.0,0.32846466741437885,119.0,0.09181887807710479,0.012685417016040692,91.15755591229379,0.3333333333333333,45.0,0.15586758476383458,0.16850538483667324,0.2782360665426592,0.47673129462279623,14.490755107105999,0.016112855304371714,0.010745571390617006
0.34737467765808105,148745,148770,392.8265292024067,6.990219318663568,12313,12338,14058.0,1434.0512154067437,1434.0859371860035,0.03472177925982578,0.6126475745372496,45.0,0.9571395257292624,45.0,1.2362624562497802,45.0,0.36293003090997605,0.0280860905257568,641.1949471914908,1.0,50.0,0.09466864444277469,0.07947492309215587,0.23799005838425275,0.0,61.10222109877832,0.03013545624126999,0.005406789060218585
0.1492065191268921,71678,71691,159.6083645595256,5.891630461763088,1078,1091,17805.0,1327.0098143287178,1327.0278698525822,0.018055523864404677,0.544265545081678,1.0,0.8550661598395592,1.0,1.077974731703763,1.0,0.1744970461173303,0.01674948710149033,293.2545813378158,0.8571428571428571,7.0,,,,0.37796447300922725,,,
0.06189453601837158,294598,294602,22.029209059682387,1.379129820031829,7993,7997,18704.0,1636.6190548588168,1636.6246103217584,0.00555546294162923,0.4565274055843281,59.0,0.9331743812662524,59.0,0.7077032280383693,59.0,0.06632687015516331,0.007849989545798753,48.25385900214753,0.6730769230769231,52.0,0.2028164274587083,0.0827944938770599,0.6244727779882376,0.4736654667156708,9.883370496392638,0.005884751826871451,0.006926780300877468
0.6997541189193726,306151,306165,249.98251765210708,1.6802712535134554,18689,18703,18704.0,1652.6646517144306,1652.684095823274,0.01944410884334502,0.9309319720351628,7.0,0.8776849197314003,7.0,4.315058836406782,7.0,0.797272578334284,0.004506105149550276,268.5293073623911,0.9607843137254902,51.0,0.17545303280350547,0.20839207434209694,2.954103233641904,0.19603921176392136,47.14423422660679,0.18929946576500278,0.0030848941574343866
0.06582391262054443,316481,316489,24.9680229501737,0.6521024496960192,9130,9138,19284.0,1667.0132706945712,1667.0243817120038,0.011111017432540393,0.7172344844338243,37.0,0.8970471526133654,37.0,1.7942787100342703,37.0,0.07337843103205866,0.006192470194515196,34.811520488844224,0.8452380952380952,84.0,0.24128204148682528,0.14670577050446673,1.4785737152236191,0.36384981739119404,8.424670287247913,0.01200052776669016,0.0051028993493106665
0.022549986839294434,319135,319138,6.143449027305383,0.30275913648345654,11099,11102,19284.0,1670.69935315501,1670.7035197946377,0.004166639627783297,0.7172344844338243,37.0,0.8970471526133654,37.0,1.7942787100342703,37.0,0.02513801729775253,0.002322180832042373,8.565468003333587,0.8452380952380952,84.0,0.24128204148682528,0.14670577050446673,1.4785737152236191,0.36384981739119404,2.0887521529279285,0.004111146427339376,0.0019135909717105137
0.021614432334899902,321885,321891,11.577612155289692,0.44848080262191947,13813,13819,19284.0,1674.518770692361,1674.5271039613147,0.008333268953720108,0.7172344844338243,37.0,0.8970471526133654,37.0,1.7942787100342703,37.0,0.024095090511051315,0.00464435592258738,16.14201827513761,0.8452380952380952,84.0,0.24128204148682528,0.14670577050446673,1.4785737152236191,0.36384981739119404,3.9205152019077474,0.0039405830657847415,0.003827177212145421
0.020414233207702637,322124,322127,6.070442160826936,0.41951286644536845,14052,14055,19284.0,1674.8507125511503,1674.8548791850733,0.0041666339229777805,0.7172344844338243,37.0,0.8970471526133654,37.0,1.7942787100342703,37.0,0.022757146208234314,0.0023221776526001353,8.46367860521774,0.8452380952380952,84.0,0.24128204148682528,0.14670577050446673,1.4785737152236191,0.36384981739119404,2.084778381314239,0.003721771658530401,0.0019135883516940718
0.5461956262588501,322323,322339,160.73433560308305,0.47482785474143346,14251,14267,19284.0,1675.1270992535071,1675.14932129856,0.02222204505278569,0.9702321744331907,11.0,0.7235169841145832,11.0,5.9016838571897425,11.0,0.7549174908827699,0.0037653736781772243,165.6658476585607,0.9629629629629629,54.0,0.018530658598599467,0.13281945840522472,0.7778535971951571,0.19062587709298623,3.1064015686418247,0.1385837989724389,0.000496283693133776
0.1989973783493042,213756,213761,62.60213478412263,3.2241925059972583,4335,4340,12039.0,1524.3440993687407,1524.351043777208,0.006944408467234098,0.5181410704920703,34.0,0.9166598344370124,34.0,0.8432793987240206,34.0,0.21708966715174446,0.008235003105426021,120.82063814140498,0.7037037037037037,27.0,0.11678288882212982,0.5163729061151621,0.5130707060861232,0.4653216269680752,14.473472212903873,0.12229097218333759,0.005010366509979338
0.358640193939209,216170,216181,253.39661397882801,5.114394380445111,6742,6753,12039.0,1527.6968456458667,1527.7121232072186,0.015277561351922486,0.6674056193272037,25.0,0.9002959151850357,25.0,1.4941897549900887,25.0,0.39835812635615314,0.010224646033678517,379.6740792117863,0.7894736842105263,38.0,0.07130851968391415,0.055713307583855065,0.33775438729545837,0.4131549501122744,27.552827788075493,0.024651726668833224,0.0023112319200990195
0.3076876401901245,223541,223546,80.93178176153623,2.265255241228311,9265,9270,12039.0,1537.9341537722316,1537.9410980260993,0.006944253867686712,0.6361016734297308,37.0,0.8479536612606107,37.0,1.2503991409942423,37.0,0.36285902667452435,0.005553629749109599,127.2308895607341,0.7894736842105263,38.0,0.08204695916950705,0.12994238092225818,0.43168939525788613,0.4131549501122744,10.681861879271013,0.05560535677754393,0.0019173422223987024
